,AAA,AAC,AAG,AAT,ACA,ACC,ACG,ACT,AGA,AGC,AGG,AGT,ATA,ATC,ATG,ATT,CAA,CAC,CAG,CAT,CCA,CCC,CCG,CCT,CGA,CGC,CGG,CGT,CTA,CTC,CTG,CTT,GAA,GAC,GAG,GAT,GCA,GCC,GCG,GCT,GGA,GGC,GGG,GGT,GTA,GTC,GTG,GTT,TAA,TAC,TAG,TAT,TCA,TCC,TCG,TCT,TGA,TGC,TGG,TGT,TTA,TTC,TTG,TTT,Kingdom,Phylum,Class,Order,Family,Genus
Pristionchus pacificus,,-25.467855,-30.651524,-29.270273,-27.8,-26.7,-25.89897,-26.650002,-27.321737,-28.675,-27.579487,-24.785,-23.55,-17.0,,-23.526669,-47.155556,-25.909994,-35.0625,-25.969242,-24.555,-25.733332,-29.0,-25.557142,-28.869999,-29.942305,-26.064285,-25.794737,,-26.346014,-29.311106,-28.77168,-32.66666,-30.6,-25.9,-18.36,-28.209993,-33.375668,-20.288,-26.12105,-27.4,-28.6,-19.6,-23.83866,-24.689644,-24.778433,-27.408895,-28.550001,-31.525,-26.314285,-32.05,-28.33333,-32.5,-27.290398,-26.181818,-26.186665,-25.280003,-27.72381,-27.031578,-25.972729,,-24.854546,-24.892307,-21.24584,Animalia,Nematoda,Chromadorea,Diplogasterida,Neodiplogasteridae,Pristionchus
Strongylocentrotus purpuratus,-23.6,-22.134996,-32.34444,-25.892754,,,-24.951727,-27.5,-28.860003,-30.759365,-28.726315,-27.266663,,,,,-25.95,-23.531248,-30.64,-29.305468,-24.999994,-28.574999,-28.8,-29.205265,-28.566668,-25.800001,-26.200003,-22.922224,,-27.47241,-23.428577,-27.123812,,,,-24.8,-26.709671,-31.250006,,-31.317648,,,,,-30.941666,-25.27805,-27.173077,-27.671787,-25.40714,-22.70909,-33.475,-32.25,,-25.093948,-24.96842,-27.033335,-28.680002,-27.641172,-29.623817,-24.733332,-26.4,-27.9923,-23.976473,-25.091234,Animalia,Echinodermata,Echinoidea,Echinoida,Strongylocentrotidae,Strongylocentrotus
Brachypodium distachyon,,-22.1125,-26.985714,-27.454998,,,-27.412504,,-34.254543,-30.994732,-24.760002,-29.177774,-23.5,,-20.699999,,-27.65625,-21.47273,-28.699999,-25.326786,-23.911108,-27.899998,-29.283333,-24.44,-25.5,-33.52728,-25.75,-25.916666,,-27.863153,-29.381817,-30.988888,-22.111107,-21.725,,-22.85,-24.666666,-30.078571,-20.0,-29.911112,-30.1,,,-22.700003,-29.535294,-26.823072,-25.523813,-23.575,-30.5,-21.82,-29.679998,-27.4,,-24.766666,-26.4,-27.000002,-29.090002,-28.276924,-25.211111,-23.17,,-26.286665,-24.313334,-31.416664,Plantae,Streptophyta,Liliopsida,Poales,Poaceae,Brachypodium
Physcomitrella patens,-22.5,-19.3,-27.1,-24.425003,,-22.5,-26.600002,,-33.623074,-25.563156,-22.5,-26.85,,-24.4,,-21.1,-30.366669,-20.936363,-28.14,-29.195833,-23.300001,-30.181822,-28.080002,-25.64,-30.542858,-26.775002,-22.060001,-26.9,-31.95,-23.886662,-27.2,-30.225,-21.107141,,-27.4,,-23.114286,-33.5375,-20.2,-26.61111,,,,,-29.175,-27.318184,-25.38889,-24.778568,-35.9,-24.5,-28.583334,-21.939999,-26.9,-26.566666,-27.100002,-24.32857,-28.38,-26.900002,-27.462498,-21.86,,-22.214285,-22.749998,-33.024998,Plantae,Streptophyta,Bryopsida,Funariales,Funariaceae,Physcomitrella
Sorghum bicolor,,-22.25,-29.20667,-27.988237,,,-28.073338,,-34.681816,-30.555552,-24.81429,-26.891668,-18.9,-21.7,-19.45,-18.9,-28.366669,-22.072731,-27.572725,-26.541029,-23.392305,-31.066666,-27.585712,-23.259998,-24.99,-33.52728,-25.0625,-25.900002,-17.0,-27.38846,-26.615383,-27.927265,-21.899996,-21.266668,,,-26.515383,-31.541666,,-29.72308,-27.833334,-24.454542,-22.7,-19.45,-30.935713,-27.820826,-25.506666,-24.468748,-30.1,-21.475,-29.511108,-29.48,-17.1,-23.45,-26.4,-27.824999,-28.661541,-29.615387,-25.345457,-24.691666,-15.9,-26.753845,-25.163635,-29.381817,Plantae,Streptophyta,Liliopsida,Poales,Poaceae,Sorghum
Vitis vinifera,,,,,,,,,,,,,,,,,,,,,,,,,,,,,,,,,,,,,,,,,,,,,,,,,,,,,,,,,,,,,,,,,Plantae,Streptophyta,Magnoliopsida,Vitales,Vitaceae,Vitis
Zea mays,-21.6,-21.245457,-29.360718,-26.018684,-29.0,,-26.645443,,-35.75384,-27.66718,-25.220003,-26.878944,,-26.2,-23.5,,-27.323532,-23.100002,-27.36154,-25.585714,-23.419994,-30.663637,-27.25,-24.890911,-25.466667,-32.822723,-25.41111,-26.199999,-19.95,-25.810347,-27.246153,-23.245605,-21.147823,-22.0,,,-24.845827,-31.734375,,-31.583336,-30.89048,,,-20.027271,-30.11,-27.539993,-25.373915,-23.565905,-30.16,-21.475,-29.4,-28.960001,,-24.263636,-25.0,-27.824999,-26.688892,-30.718754,-24.392853,-22.8,,-26.199997,-24.704998,-23.065826,Plantae,Streptophyta,Liliopsida,Poales,Poaceae,Zea
Aspergillus fumigatus,,-26.228573,-34.399998,-25.800001,,,-21.11111,,-29.4,-31.0,-33.14,-24.699999,,,,,-39.1,-30.35,-41.775,-32.025,-23.0,-30.0,-22.75,-25.65,-42.25,-28.349998,-35.300003,-22.9,,-27.2,-24.716667,-26.399998,-33.72,,,,-25.566666,-25.199999,,-32.2,,,,,-34.5,-33.18889,-31.05,-35.06,-48.0,-23.0,,-36.8,,-24.200003,-25.65,-29.6,-31.3,-28.466667,-27.2,-32.766666,,-26.400002,-30.7,-28.5,Fungi,Ascomycota,Eurotiomycetes,Eurotiales,Trichocomaceae,Aspergillus
Candida glabrata,,-21.100002,,-25.199999,,,-30.4,,-29.0,-26.100002,-27.4,-18.5,,,,,-33.412502,-22.2,,-24.41111,-33.379997,-21.6,-23.7,-26.8,-28.8,,,-24.6,,-21.1,-23.0,-25.100004,-26.02857,,-30.9,-11.5,-21.2,-29.0,,-30.6,,,,,-27.1,-26.079998,-16.157143,-22.399998,-25.099998,-16.699999,-27.8,-48.35,-10.6,-19.766666,,-19.280003,-23.933334,-18.883333,-38.899998,-20.550001,-13.2,-21.29,-21.514284,-24.725,Fungi,Ascomycota,Saccharomycetes,Saccharomycetales,Saccharomycetaceae,Candida
Cryptococcus neoformans,,-25.542858,-33.966667,-24.283333,,,-30.966665,,-26.300001,-28.042856,-38.7,-30.039999,,,,,-34.899998,-29.75,-25.9,-27.133333,-24.6,-34.05,-26.7,-31.6,-35.2,-27.2,-35.3,-28.9,,-27.311111,-25.1,-44.485714,-28.8,,,,-30.133333,-25.7,,-34.25,,,,,-29.625,-26.8,-23.125,-31.55,-35.5,,,-27.2,,-25.666666,-32.2,-30.3,-33.0,-29.2,-26.1,-22.9,,-25.1,-31.5,-36.0,Fungi,Basidiomycota,Tremellomycetes,Tremellales,Tremellaceae,Cryptococcus
Debaryomyces hansenii,,-21.881819,-29.05,-29.0,,,-31.066666,,-29.899998,-27.899998,-21.1,-22.5,,,,,-20.1,-19.7,-30.8,-26.269999,-23.6,-29.8,-19.5,-30.4,-30.4,-23.8,,-33.8,,-28.4,-23.8,-27.01667,-27.744442,,,-18.3,-24.5,-26.3,,-35.1,,,,,-29.933334,-24.08,-20.766666,-22.877779,-28.74,-21.05,-15.9,-45.2,-13.7,-19.66,,-21.59091,-24.3,-20.34,-36.062504,-23.233332,,-24.169998,-25.714285,-28.212498,Fungi,Ascomycota,Saccharomycetes,Saccharomycetales,Debaryomycetaceae,Debaryomyces
Encephalitozoon cuniculi,,-22.3,-36.4,-21.5,,,-28.1,,-35.3,-19.4,-26.4,-26.4,,,,,-32.3,-18.1,-23.9,-25.95,-20.3,-24.8,,-26.3,-30.9,-21.6,-28.6,-24.2,,-24.8,-20.7,-27.4,-24.2,,,,-19.3,-25.0,,-27.3,,,,,-25.1,-26.7,-24.3,-26.95,-29.6,-24.8,-29.3,-33.5,,-20.0,-23.5,-28.9,-32.0,-21.7,-31.8,-26.7,,-25.2,-24.3,-28.0,Fungi,Microsporidia,,,Unikaryonidae,Encephalitozoon
Eremothecium gossypii,,-21.7,,-25.199999,,,-35.35,,-28.199999,-25.100002,-27.4,-18.5,,,,,-37.914284,-19.8,-101.0,-23.349998,-30.84,-29.05,-25.1,-23.3,-32.533337,-25.1,,-24.85,,-22.100002,-28.875,-26.800001,-27.828571,,-30.8,-12.1,-23.65,-29.0,,-33.933334,,,,,-29.05,-27.554546,-19.033335,-19.614286,-27.966667,-19.066666,-27.38,-47.7,-9.1,-19.0,,-20.357143,-22.433334,-21.26,-40.328575,-17.866667,,-17.349998,-26.1,-24.300001,Fungi,Ascomycota,Saccharomycetes,Saccharomycetales,Saccharomycetaceae,Eremothecium
Kluyveromyces lactis,,-21.1,,-25.199999,,,-34.4,,-28.199999,-25.0,-28.0,-22.5,,,,,-31.800001,-20.5,,-23.562502,-33.525,-24.9,-26.4,-26.5,-29.2,,,-26.7,,-24.5,-33.4,-31.033333,-19.866667,,-29.2,-11.2,-21.35,-29.399998,,-34.800003,,,,,-28.733335,-25.977776,-20.880001,-22.17143,-25.650002,-18.95,-51.65,-42.5,-14.1,-26.699999,,-20.3375,-22.166666,-21.074999,-39.0875,-19.933332,,-20.855556,-22.37143,-26.6,Fungi,Ascomycota,Saccharomycetes,Saccharomycetales,Saccharomycetaceae,Kluyveromyces
Magnaporthe oryzae,,-28.883337,-29.77143,-31.900002,,,-34.216667,,-35.275,-24.033333,-34.6,-26.049997,,,,,-45.25,-28.849998,-39.2,-28.25,-23.5,-32.933334,-21.05,-35.133335,-30.033333,-31.8,-32.8,-29.9,,-28.711113,-29.466667,-32.011112,-23.257141,,,,-28.333334,-27.6,,-30.233332,,,,,-30.079998,-20.26,-21.1,-26.879969,-43.1,-32.4,-27.8,-27.2,,-30.733332,-28.15,-41.2,-28.75,-46.899998,-31.400002,-28.95,,-24.966667,-28.2,-31.1,Fungi,Ascomycota,Sordariomycetes,Magnaporthales,Magnaporthaceae,Magnaporthe
Saccharomyces cerevisiae,,-21.114288,,-25.2,,,-25.914288,,-27.609093,-27.899996,-25.9,-20.600002,,,,,-36.62,-21.4,,-25.133331,-31.800001,-23.25,-29.1,-27.0,-29.6,,,-24.7,,-21.4,-19.2,-25.057146,-28.272728,,-27.4,-10.2,-24.5,-29.0,,-30.6,,,,,-26.600002,-24.288235,-20.35,-22.045454,-26.337502,-18.533335,-25.766668,-32.5,-12.0,-21.874998,,-19.333336,-24.55,-18.800001,-39.77,-18.580002,-13.5,-21.113337,-26.35,-25.8625,Fungi,Ascomycota,Saccharomycetes,Saccharomycetales,Saccharomycetaceae,Saccharomyces
Schizosaccharomyces pombe,,-20.222221,-23.679998,-23.125,,,-21.600002,,-27.100002,-22.600002,-22.0,-25.157145,,,,,-28.6,-27.4,-32.6,-23.410002,-21.075,-26.3,-31.6,-35.6,-36.6,-24.1,-25.1,-23.5,,-26.6,-20.8,-25.2,-21.1,,,-15.7,-20.8,-24.399998,,-36.9,,,,,-25.025,-22.399998,-25.220001,-24.371428,-31.933334,-20.4,-27.949999,-34.1,,-23.566666,-20.5,-28.533333,-28.199999,-27.6,-24.0,-18.866667,,-26.16,-22.75,-24.4,Fungi,Ascomycota,Schizosaccharomycetes,Schizosaccharomycetales,Schizosaccharomycetaceae,Schizosaccharomyces
Yarrowia lipolytica,,-20.95417,-35.166668,-30.323076,,,-29.0,,-32.257133,-22.12334,-31.142857,-23.299995,,,,,-33.399998,-25.15,-33.46923,-28.35555,-24.200003,,,-27.4,-31.175,-23.5,-40.75,-27.15,,-27.729628,-23.513336,-27.220589,-28.876472,,,,-24.399998,-30.200008,,-33.0,,,,,-31.528574,-30.996426,-23.300003,-28.01875,-28.2,-18.3,-33.7,-42.8,,-25.563637,-31.172003,-22.3,-24.55,-25.7,-26.200003,-28.733332,,-25.050001,-25.066666,-34.7,Fungi,Ascomycota,Saccharomycetes,Saccharomycetales,Dipodascaceae,Yarrowia
Plasmodium falciparum,,,,,,,,,,,,,,,,,,,,,,,,,,,,,,,,,,,,,,,,,,,,,,,,,,,,,,,,,,,,,,,,,Chromalveolata,Apicomplexa,Aconoidasida,Haemosporida,Plasmodiidae,Plasmodium
Anopheles gambiae,,-24.767746,-34.559998,-26.499998,,,-25.199999,,-29.300001,-29.89412,-26.285715,-20.300001,,,,,-40.449997,-25.289656,-30.98,-24.866665,-25.800001,,,-32.6,-28.899998,-28.633333,-25.523075,-25.5,,-27.060001,-23.272726,-28.229416,-24.800001,,,,-28.0,-35.600002,,-31.366667,,,,,-36.65,-26.960003,-27.21428,-30.408335,-21.866667,-22.5,-33.06667,-34.9,,-28.199999,-27.824999,-27.5,-26.9,-26.966667,-24.974998,-30.9,-22.2,-27.981813,-26.0,-29.587502,Animalia,Arthropoda,Insecta,Diptera,Culicidae,Anopheles
Drosophila melanogaster,,-23.833334,-35.560005,-25.1,,,-25.199999,,-29.275,-30.783333,-28.699999,-20.660002,,,,,-42.35,-22.114286,-31.699999,-26.249998,-26.624998,,,-30.6,-28.9,-29.799997,-28.88,-23.299997,,-25.590002,-25.2125,-26.79286,-24.800001,,,,-27.071428,-35.44286,,-31.333334,,,,,-30.11111,-25.878569,-28.8,-31.899996,-34.375,-23.6,-37.2,-34.25,-32.2,-28.0,-27.85,-27.733332,-30.849998,-30.8,-25.2,-24.533333,,-27.9,-24.0,-31.316666,Animalia,Arthropoda,Insecta,Diptera,Drosophilidae,Drosophila
Leishmania major,,-24.9,-22.4,-24.700003,,,-25.7,,-25.8,-27.3,-33.9,-29.9,,,,,-25.2,-24.9,-26.1,-25.25,-24.0,-30.8,-26.9,-26.9,-28.5,-25.6,-31.2,-26.1,,-26.0,-24.9,-28.025002,-28.7,,,,-26.7,-32.4,,-28.2,,,,,-26.733332,-28.9,-26.2,-29.9,-27.1,-31.0,-29.7,-32.1,,-25.4,-28.9,-28.1,-28.4,-26.8,-23.6,-26.0,,-22.6,-24.8,-28.0,Animalia,Excavata,Euglenozoa,Kinetoplastida,Trypanosomatida,Leishmania
Caenorhabditis brenneri,,-22.723537,-33.196854,-30.44,-24.633333,,-25.03029,,-25.90001,-29.398544,-30.327276,-25.76875,-30.05,,,,-45.903446,-29.299995,-36.389477,-26.544836,-24.395454,-35.766006,-30.865992,-28.782608,-25.794113,-29.32857,-26.376467,-23.733334,-23.1,-28.077013,-24.145834,-28.186028,-22.080006,,,-37.6,-26.665005,-31.478067,,-29.364292,,-36.0,-36.975,-21.920002,-28.367296,-27.036362,-28.0149,-29.550777,-31.728567,-25.837498,-34.37778,-33.616974,,-28.13865,-28.84706,-24.33846,-29.692007,-27.566668,-28.223328,-23.957579,,-27.245083,-25.601284,-25.37547,Animalia,Nematoda,Chromadorea,Rhabditida,Rhabditidae,Caenorhabditis
Caenorhabditis briggsae,,-24.080769,-31.35518,-28.791666,,-21.699999,-24.873915,,-25.470585,-28.893341,-26.52857,-20.067238,-18.9,-21.045454,-16.830002,-24.5,-44.399998,-26.983335,-36.385715,-26.708336,-24.442858,-31.683334,-25.3,-24.9,-25.312502,-31.54286,-26.2,-23.2,,-26.796867,-25.336367,-27.132555,-21.36522,-22.26,,,-28.894121,-30.18929,,-27.44444,,-23.109093,-35.7,-16.3,-26.881819,-25.487501,-27.70454,-29.148005,-32.366665,-25.699999,-33.92857,-36.367996,-15.1,-27.552952,-28.276924,-22.854546,-28.249996,-29.073334,-27.30232,-23.863636,-18.0,-25.548145,-22.288237,-23.32353,Animalia,Nematoda,Chromadorea,Rhabditida,Rhabditidae,Caenorhabditis
Caenorhabditis elegans,,-24.229994,-30.25238,-30.44091,,-22.15,-24.923801,,-25.466673,-28.68183,-29.050001,-25.45,-25.9,-19.275,-22.395998,,-41.074997,-27.783333,-38.300003,-26.640005,-24.966667,-34.65,-28.050001,-26.1,-23.292307,-31.325,-26.300001,-23.512499,-10.4,-27.39199,-26.150002,-27.070139,-25.533339,-26.2,-24.388887,-20.1,-26.330772,-29.281818,-21.0,-27.26,,-26.8,-24.177776,-21.276924,-27.310522,-26.16207,-26.749998,-29.590475,-31.040003,-26.14,-34.2,-31.599998,-35.2,-28.018429,-26.893332,-23.811111,-28.955559,-28.877777,-27.22779,-24.854546,-21.033335,-25.625006,-24.58857,-24.133331,Animalia,Nematoda,Chromadorea,Rhabditida,Rhabditidae,Caenorhabditis
Caenorhabditis japonica,-32.0,-26.313044,-32.523087,-30.025927,,,-26.328573,,-25.099997,-29.340008,-30.133335,-25.2125,,,,,-44.328575,-27.053843,-35.162502,-26.921436,-25.544443,-32.35,-30.0,-24.9,-25.646152,-29.5,-26.300001,-24.3,,-27.52999,-24.91429,-27.802694,-22.458338,,,,-28.44286,-32.02572,,-29.042852,,,,,-28.091997,-26.85,-27.878569,-29.817398,-30.02,-26.72857,-35.45,-33.17143,-34.8,-27.56736,-29.683336,-23.675003,-28.557142,-29.755554,-28.254995,-24.972729,,-27.094997,-25.600004,-24.05862,Animalia,Nematoda,Chromadorea,Rhabditida,Rhabditidae,Caenorhabditis
Caenorhabditis remanei,,-23.575,-30.903915,-30.5,,-23.557894,-24.408327,-23.9,-26.139402,-28.03652,-28.549997,-23.619608,-18.7,-25.109093,-20.558823,-25.433332,-43.329636,-25.093328,-36.87778,-26.498219,-24.377777,-28.414286,-26.9,-28.677774,-22.38,-27.98,-27.65714,-24.083334,,-25.603384,-24.814287,-26.277008,-21.883337,-29.2,-31.6,-20.575,-26.82667,-29.793928,,-27.849997,,-26.181818,-33.133335,-26.133331,-27.64888,-26.345055,-25.708511,-30.084438,-32.7,-26.275,-29.955557,-34.83103,-35.7,-27.517515,-29.160868,-23.096668,-29.036366,-28.156668,-26.952768,-25.203999,-29.9,-25.894352,-24.079302,-23.772,Animalia,Nematoda,Chromadorea,Rhabditida,Rhabditidae,Caenorhabditis
Arabidopsis thaliana,,-21.85333,-24.324997,-26.273684,,-23.0,-27.277779,,-28.437847,-31.299995,-24.476473,-27.170002,,,,,-29.189999,-24.337502,-28.700003,-28.004168,-22.914286,-27.9,-28.0,-26.687502,-24.375,-33.214287,-25.86,-24.566666,,-28.400002,-25.533333,-30.588888,-20.90588,,-18.3,,-22.766666,-31.495834,,-29.084616,-28.9,,,,-26.437656,-26.873075,-26.62,-24.956245,-30.816666,-24.042858,-28.829998,-28.52,,-26.200003,-25.65,-27.866669,-26.42222,-31.11,-25.542215,-20.474998,,-24.34286,-26.3375,-31.850002,Plantae,Streptophyta,Magnoliopsida,Brassicales,Brassicaceae,Arabidopsis
Glycine max,,-24.159096,-29.200005,-23.638708,,,-26.444447,,-32.75333,-31.166658,-25.095242,-28.2,,,,-16.2,-27.574072,-24.530771,-27.5,-25.630169,-23.648272,-31.011112,-28.3,-26.507689,-25.5,-33.425003,-25.4,-26.7,,-25.308336,-30.01538,-30.222729,-20.786953,-21.7,,,-24.506247,-32.520687,,-27.087502,-29.7,,,-23.95,-31.590906,-26.176464,-25.479998,-23.888569,-29.555555,-21.066668,-28.560003,-29.887497,,-23.650002,-25.799997,-27.74737,-27.518187,-30.652946,-25.481243,-26.30909,,-25.682352,-25.964706,-31.909523,Plantae,Streptophyta,Magnoliopsida,Fabales,Fabaceae,Glycine
Medicago truncatula,-16.9,-22.717644,-26.577776,-29.182606,-18.4,-20.8,-25.525002,,-34.874996,-29.847994,-25.600002,-27.63,-20.4,-23.3,,-23.43958,-24.921427,-23.242859,-27.15,-24.8122,-22.699999,-26.566666,-27.799997,-26.85,-25.5,-32.8,-25.0,-25.2,,-25.927275,-25.88,-30.36875,-21.623075,-22.633333,,,-24.190002,-30.643478,,-29.126667,-26.833334,,-11.9,-24.4,-30.284615,-25.839993,-25.46667,-23.16333,-31.575,-19.300001,-28.999996,-28.535711,-37.3,-23.433332,-26.1,-28.250002,-27.675001,-31.250006,-25.809093,-24.5,-26.259377,-23.804546,-23.47,-29.475,Plantae,Streptophyta,Magnoliopsida,Fabales,Fabaceae,Medicago
Oryza sativa,,-22.755556,-28.820005,-28.25555,-25.9,,-26.545828,,-32.53333,-31.084995,-25.207144,-27.98182,-19.75,-28.4,,,-27.436844,-21.88182,-27.38,-25.041664,-23.477774,-29.61111,-27.6375,-24.318182,-25.755556,-32.792313,-25.788887,-25.6,,-27.28,-26.049997,-29.749994,-22.369997,-21.235294,,,-27.223528,-29.907145,,-30.175,-31.7,-57.5,,-22.749998,-30.074997,-28.225798,-24.86538,-23.686668,-30.25,-21.1,-30.149998,-30.179998,,-23.710001,-26.4,-27.466667,-29.694118,-31.2,-25.157145,-22.26875,,-26.11875,-24.909523,-31.133331,Plantae,Streptophyta,Liliopsida,Poales,Poaceae,Oryza
Populus trichocarpa,-32.25,-24.852943,-32.875507,-27.170004,-31.2,,-25.300001,-22.5,-32.67857,-31.209995,-25.49286,-26.65714,,,,,-23.800001,-24.100004,-29.857143,-29.176922,-22.97857,-28.699999,-24.5,-24.363636,-24.9,-32.44,-25.375,-24.724998,,-26.342857,-28.727272,-30.470589,-20.816664,,-29.9,-27.4,-23.185715,-32.342308,,-28.462502,-29.9,,,,-31.82778,-28.244112,-25.846157,-24.187498,-28.242857,-21.75,,-28.088886,-19.3,-22.776474,-25.114285,-30.154547,-26.611113,-27.728573,-23.617395,-25.445452,-27.7,-26.399996,-27.0,-29.083336,Plantae,Streptophyta,Magnoliopsida,Salicaceae,Saliceae,Populus
Ailuropoda melanoleuca,,-26.2,-33.68572,-25.441666,,,-26.025,-24.8,-31.630001,-29.852942,-28.611107,-27.66,,-21.8,,-21.966667,-40.644447,-25.633335,-32.971428,-26.262503,-25.869999,-29.12857,-30.300003,-26.375551,-31.175,-30.1,-29.920002,-24.930002,-24.680002,-23.756758,-26.468,-23.726147,-23.10909,,,,-27.083994,-29.579998,-30.7,-31.469234,,,,,-32.05455,-25.127272,-25.899998,-25.84286,-28.519999,-23.442856,-31.1,-31.599998,-28.6,-26.985716,-34.3881,-28.1,-31.0,-31.61111,-27.718178,-27.5,-22.7,-27.145452,-28.795353,-23.492722,Animalia,Chordata,Mammalia,Carnivora,Ursidae,Ailuropoda
Anolis carolinensis,,-24.1,-33.524998,-24.866667,,,-24.349998,,-31.6,-27.550001,-29.4,-27.475,,,,,-38.1,-24.299997,-33.324997,-27.141668,-23.600002,-31.4,-30.7,-30.933334,-29.3,-28.466667,-29.4,-28.6,,-26.9,-25.28,-27.483335,-23.0,,,,-25.716667,-29.442856,,-31.220001,,,-23.7,,-32.2,-26.587502,-24.08,-29.519999,-29.25,-23.9,-33.733334,-31.3,-34.0,-26.5375,-26.666666,-31.066666,-29.4,-28.333336,-29.4,-25.766668,,-26.52857,-26.133333,-29.38,Animalia,Chordata,Reptilia,Squamata,Polychrotidae,Anolis
Bos taurus,-23.269234,-23.262787,-33.499996,-24.182863,-25.088327,-26.215002,-25.281483,-26.85,-30.829622,-29.640982,-29.056005,-26.739286,-22.133335,-25.216665,-22.357143,,-31.648275,-24.385725,-32.58,-26.679419,-27.38,-28.054098,-27.579998,-27.78767,-29.628574,-25.627274,-29.399998,-26.671429,-27.119997,-27.24867,-25.326834,-27.709997,-22.094828,,,,-26.657022,-28.115202,-25.781252,-30.6054,-27.314514,-21.0,,-21.7,-27.435064,-25.14222,-25.046349,-30.458584,-25.400002,-23.451166,-32.7,-30.4875,-25.72963,-27.378584,-25.633333,-28.150002,-28.915384,-27.189857,-29.511108,-25.554996,-27.150002,-26.234,-25.594738,-25.396221,Animalia,Chordata,Mammalia,Artiodactyla,Bovidae,Bos
Callithrix jacchus,,-23.900002,-33.1,-24.544441,,,-25.849998,,-31.600002,-28.957144,-29.399998,-27.15,,,,,-37.9,-24.18889,-32.888893,-27.273336,-25.65,-29.2,-28.633333,-32.079998,-31.133331,-29.6,-29.4,-26.75,,-26.908335,-24.555555,-27.900002,-21.45,,,-26.7,-28.820831,-29.88571,,-32.2,,-23.7,,,-30.781818,-26.175001,-25.199999,-28.649996,-25.560001,-23.833334,-33.2,-34.719997,-33.1,-26.725,-26.525,-29.940002,-28.0,-29.84,-29.299997,-25.866667,-17.7,-26.779999,-22.0,-27.04167,Animalia,Chordata,Mammalia,Primates,Callitrichidae,Callithrix
Canis familiaris,,-25.083334,-33.1,-24.055553,,,-25.566666,,-30.260004,-28.864288,-29.399998,-27.3625,,-16.65,,-26.9,-42.5,-25.875002,-34.085712,-26.03636,-26.199999,-26.822224,-27.9,-25.851725,-27.800001,-28.699999,-28.925001,-25.14,-23.666666,-25.613636,-26.955002,-23.53965,-21.779999,,,,-27.10952,-29.579998,,-31.437502,,,,,-31.388885,-26.692308,-26.855553,-28.661903,-28.25,-24.84,-34.525,-35.879997,-36.4,-27.454542,-29.579998,-30.733334,-27.779999,-29.227272,-31.05,-26.15,-34.833332,-25.733334,-29.734888,-25.002945,Animalia,Chordata,Mammalia,Carnivora,Canidae,Canis
Cavia porcellus,,-26.133333,-32.859997,-24.73,,,-25.571426,,-31.600002,-28.346424,-29.387497,-26.540003,,-13.0,,,-36.716667,-26.233335,-34.533333,-27.56667,-25.9875,-27.583334,-28.733332,-32.079998,-31.374998,-30.320002,-29.4,-28.0,-16.9,-27.5,-24.1875,-23.95,-22.15,-11.2,,,-28.44117,-29.763634,,-32.43,,-23.375,,,-32.453335,-25.87,-26.099998,-27.777775,-27.425001,-23.833334,-33.2,-32.359997,-36.4,-25.766668,-26.175001,-29.6,-32.066666,-27.744446,-29.25,-26.2,,-28.066668,-25.85,-26.654547,Animalia,Chordata,Mammalia,Rodentia,Caviidae,Cavia
Cricetulus griseus,,,,,,,,,,,,,,,,,,,,,,,,,,,,,,,,,,,,,,,,,,,,,,,,,,,,,,,,,,,,,,,,,Animalia,Chordata,Mammalia,Rodentia,Cricetidae,Cricetulus
Danio rerio,-23.890001,-21.198591,-32.089546,-26.499811,-23.022223,-23.85263,-24.173288,-24.964285,-29.01227,-27.004406,-28.443789,-25.129408,-26.8,-11.4,-25.028574,-23.648981,-36.219162,-22.638908,-30.787191,-26.211206,-23.326826,-25.92139,-28.49323,-30.190268,-26.637787,-26.977646,-24.90541,-27.424267,-21.133335,-26.412214,-24.16838,-24.36121,-20.906466,-21.59091,-27.150002,-24.568422,-25.350023,-26.890707,-23.455101,-28.692848,-27.0,-24.55,-26.95,-24.830002,-29.650589,-25.043344,-25.755423,-25.509535,-29.311932,-20.088142,-34.076637,-29.834455,-26.571428,-25.868963,-26.446907,-28.461407,-28.618479,-26.793774,-27.226475,-26.635765,-25.43846,-24.588701,-24.179035,-25.8568,Animalia,Chordata,Actinopterygii,Cypriniformes,Cyprinidae,Danio
Equus caballus,,-24.724997,-32.900005,-24.200008,,,-25.529995,,-31.366661,-28.914812,-29.4,-27.844444,-28.3,-23.7,-22.8,-21.4,-39.566666,-24.796768,-34.533333,-27.127077,-25.757143,-26.875002,-28.375002,-31.69286,-31.525002,-29.3375,-29.466665,-25.433334,,-23.166334,-25.281816,-28.000006,-22.831999,-23.9,,,-26.99216,-29.9,-26.0,-30.449999,,,,,-31.39643,-25.0,-24.647827,-29.713163,-30.475,-24.116667,-34.76,-33.76667,-26.725002,-26.900002,-25.566666,-29.490908,-31.850002,-29.395235,-29.314283,-25.885714,,-29.081818,-23.799997,-28.013338,Animalia,Chordata,Mammalia,Perissodactyla,Equidae,Equus
Felis catus,-33.6,-26.107689,-33.588886,-26.400003,-31.0,-42.1,-25.630768,-33.3,-31.600004,-30.362064,-29.328568,-27.780003,-25.0,-23.8,,-23.26,-38.016666,-24.442858,-31.579998,-26.552938,-30.459373,-29.14,-32.814995,-26.036585,-31.177774,-29.960001,-31.461536,-25.2,-26.34706,-26.27222,-28.754665,-24.964552,-24.247059,,,,-28.615528,-30.166666,-37.391666,-31.439999,-25.349998,-28.7,-38.7,,-30.34737,-26.30625,-29.548153,-26.365309,-23.285715,-25.05,-30.727907,-33.246155,-32.093937,-33.96717,-33.109184,-30.758333,-30.404543,-29.984615,-32.015953,-26.226316,-30.72157,-28.680952,-31.07144,-23.995941,Animalia,Chordata,Mammalia,Carnivora,Felidae,Felis
Gallus gallus,-29.7,-24.27143,-34.333332,-24.699999,,,-24.75,,-30.650002,-28.084215,-29.4,-27.4,,,-17.5,,-44.15,-23.039999,-33.566666,-28.69231,-25.433334,-32.425003,-30.400002,-30.933334,-30.6,-27.3,-29.4,-27.85,,-27.5,-26.300001,-28.500002,-24.533333,-22.9,,,-26.7,-29.960001,,-31.116669,,-21.4,,,-32.583332,-26.5125,-26.82857,-30.699999,-30.0,-22.433334,-30.8,-35.050003,-36.0,-25.7125,-25.55,-32.533333,-31.7,-29.228573,-28.800001,-26.25,,-26.514284,-26.933334,-29.1,Animalia,Chordata,Aves,Galliformes,Phasianidae,Gallus
Gasterosteus aculeatus,,-23.723814,-31.136745,-25.964354,,,-24.475512,,-29.794222,-28.049059,-29.639675,-25.22525,,,,-24.7,-33.657143,-25.827776,-31.11111,-27.821949,-24.385126,-29.3,-30.650002,-31.12307,-33.868958,-26.689299,-29.311106,-27.373913,,-28.06604,-25.450632,-27.060797,-24.96572,-26.2,,,-26.310295,-29.674997,,-29.17666,,,,,-32.076473,-24.617914,-27.44615,-25.97401,-32.45,-23.608332,-35.08235,-29.92624,-38.3,-25.87378,-23.05568,-24.786762,-31.799984,-27.716967,-29.55863,-24.24572,,-26.819565,-24.896675,-25.50655,Animalia,Chordata,Actinopterygii,Gasterosteiformes,Gasterosteidae,Gasterosteus
Gorilla gorilla gorilla,,-25.316668,-32.2375,-25.09091,-25.3,,-25.385714,,-31.533335,-28.784998,-31.41111,-27.475,-29.2,,,,-40.100002,-24.880001,-30.974998,-27.831253,-25.84286,-28.5,-27.24,-31.699999,-31.125,-29.6,-29.4,-26.75,,-26.62,-25.483332,-26.810001,-22.95,,,-25.55,-25.870369,-29.88,,-31.575,,-26.7,,,-30.946154,-24.54,-25.899998,-29.31305,-23.516665,-24.771427,-33.0,-33.383335,-31.5,-26.5,-26.716665,-30.116667,-31.525,-30.016668,-29.299997,-25.833334,,-27.76,-25.166664,-26.79091,Animalia,Chordata,Mammalia,Primates,Hominidae,Gorilla
Heterocephalus glaber,,-24.178568,-32.32,-24.337498,,-20.55,-26.12,-23.5,-29.833334,-24.239584,-24.77692,-23.742857,,-26.7,,,-37.739998,-24.766668,-34.42,-26.807695,-25.466667,-30.85,-24.7,-31.66,-31.299997,-29.883333,-29.4,-25.949999,,-27.5,-25.016668,-25.013336,-21.416666,-22.2,,,-26.849997,-29.349997,,-32.04286,,-19.183332,,-22.5,-32.622223,-26.112501,-24.34,-30.066664,-24.550001,-25.333334,-29.8,-35.43333,-36.0125,-26.95,-26.175001,-27.650002,-33.033333,-28.720001,-27.0,-24.966667,,-27.333334,-26.633331,-28.088888,Animalia,Chordata,Mammalia,Rodentia,Bathyergidae,Heterocephalus
Homo sapiens,,-23.536364,-30.638456,-24.611767,-39.7,,-25.699999,-25.9,-29.35833,-26.786665,-28.153847,-27.210001,-29.2,,,-24.799997,-34.8125,-20.814997,-33.35,-27.774994,-27.577778,-25.852633,-28.633335,-25.710003,-31.2,-28.920002,-28.925,-26.566668,-22.066666,-23.679167,-24.860382,-24.985718,-20.67647,,,-31.2,-26.083874,-29.84,,-31.525002,,,-27.0,,-27.675001,-25.209997,-24.681816,-26.654291,-19.76364,-22.85,-31.500002,-34.18,-27.866669,-23.845457,-25.816666,-30.35,-26.928572,-27.545454,-27.49,-27.050001,-21.766668,-23.663157,-18.777779,-25.479078,Animalia,Chordata,Mammalia,Primates,Hominidae,Homo
Loxodonta africana,-23.2,-22.59268,-33.490906,-24.704655,-21.9,-21.7,-24.649998,-24.666666,-29.555162,-28.370373,-28.243746,-25.607145,-22.5,,-18.133333,-28.175,-38.952938,-23.474283,-32.94,-26.925993,-25.352173,-22.750002,-29.300001,-27.825005,-31.624998,-27.07333,-29.4,-26.02,,-24.762499,-24.596426,-26.144447,-21.265625,-26.2,,,-24.91428,-25.972733,,-28.19079,,,,-34.5,-30.4,-24.300001,-25.088892,-27.441183,-29.986668,-22.621998,-33.94545,-30.271427,-21.375,-20.989353,-22.63889,-21.919994,-29.214285,-23.403772,-26.392855,-23.154541,-23.35,-21.679823,-24.135714,-23.666664,Animalia,Chordata,Mammalia,Proboscidea,Elephantidae,Loxodonta
Macaca mulatta,,-24.85,-33.37778,-24.779999,,,-25.72857,,-30.755558,-29.406668,-29.399998,-27.275002,,,,-24.6,-40.033333,-23.216667,-33.76,-27.500002,-25.199999,-29.628572,-28.375,-32.079998,-31.35,-29.52,-28.375,-27.975,,-28.133333,-24.55,-26.933334,-22.444445,,,-26.375,-26.415377,-30.53636,,-31.712502,,-23.4,,,-31.30909,-25.12143,-25.619999,-29.327776,-30.050001,-21.914286,-29.45,-34.78,-36.4,-26.86,-26.16,-30.34,-31.539999,-29.525002,-28.5,-25.183334,,-27.572723,-24.9,-27.415388,Animalia,Chordata,Mammalia,Primates,Cercopithecidae,Macaca
Meleagris gallopavo,,-24.299997,-30.5,-24.766668,,,-25.849998,,-30.460001,-27.671427,-29.871428,-27.4,,,,,-43.050003,-23.533335,-33.324997,-29.036364,-25.7,-32.166668,-30.7,-30.933334,-30.6,-27.266668,-29.4,,,-26.75,-26.0,-26.566666,-24.700003,-22.9,,,-26.9,-29.9,,-30.916666,,,,,-32.616665,-26.5,-26.1,-30.550001,-29.6,-22.7,-30.8,-34.9,,-26.95,-24.7,-30.833334,-31.166666,-29.866667,-28.15,-26.45,,-25.960001,-24.0,-29.05,Animalia,Chordata,Aves,Galliformes,Phasianidae,Meleagris
Microcebus murinus,,-25.349998,-33.059998,-24.7,-22.7,,-25.699999,,-29.428574,-30.636366,-29.399998,-28.566666,,,,,-37.7,-23.920002,-34.8,-28.078577,-25.466667,-32.95,-26.4,-32.0,-31.133331,-28.333334,-29.4,-27.85,,-27.7625,-25.449999,-28.500002,-23.0,,,,-26.249996,-30.281813,,-31.571428,,,,,-31.662502,-26.52,-25.833334,-31.799997,-25.033335,-22.3,-34.1,-38.100002,,-26.142857,-24.700003,-30.740002,-30.75,-28.6,-29.55,-25.9,,-27.57778,-25.85,-27.579998,Animalia,Chordata,Mammalia,Primates,Cheirogaleidae,Microcebus
Monodelphis domestica,,-25.6,-32.8875,-24.7,-24.175,,-25.48,,-30.225004,-29.68667,-29.399996,-26.933334,,-22.5,,,-41.975,-23.98889,-33.354546,-26.203997,-23.955557,-29.675,-29.575,-31.02,-30.9,-25.833334,-29.4,-27.233332,,-26.607693,-25.227272,-27.152636,-22.966667,,,,-26.11739,-31.241661,,-30.388893,,,,,-29.626667,-24.920832,-25.899998,-29.899996,-29.2,-23.52,-33.9,-30.27143,,-25.754545,-25.66,-29.483332,-30.466667,-28.133333,-28.262499,-25.571428,,-28.5,-21.014286,-28.730772,Animalia,Chordata,Mammalia,Didelphimorphia,Didelphidae,Monodelphis
Mus musculus,,-25.400002,-26.7,-24.481817,,-27.9,-25.699999,,-31.5,-29.310532,-28.357141,-27.511112,,,-16.2,,-39.625,-24.07273,-34.329998,-26.977777,-25.1625,-27.557142,-28.733332,-32.079998,-30.300001,-28.25,-29.4,-27.34,,-27.061537,-25.26,-25.910532,-22.785715,-16.0,,-19.9,-25.622816,-30.335709,,-31.175001,-24.6,,,,-29.920002,-26.29375,-25.699997,-29.971424,-27.5,-23.799997,-33.3,-34.36,-28.1,-26.5,-25.880001,-30.38,-32.066666,-29.472723,-26.8625,-25.525002,-28.8,-27.900002,-24.416666,-27.254545,Animalia,Chordata,Mammalia,Rodentia,Muridae,Mus
Nomascus leucogenys,,-23.86,-33.600002,-25.2,-22.5,,-26.299997,,-30.760004,-28.235292,-29.087498,-26.77,,,,-29.966665,-41.480003,-23.7,-32.63333,-27.328573,-25.837502,-29.939999,-28.633333,-32.079998,-30.475,-29.36,-29.4,-24.86,,-27.5,-25.6,-26.058826,-22.4125,,,-28.1,-26.85714,-29.023073,,-31.462502,,,,,-30.630768,-25.144445,-24.758331,-29.873333,-27.14,-23.133333,-33.0,-34.12,-36.4,-26.800001,-24.028568,-29.75,-31.5,-29.600002,-29.4,-25.0,,-27.39,-23.737497,-26.943754,Animalia,Chordata,Mammalia,Primates,Hylobatidae,Nomascus
Ornithorhynchus anatinus,-26.4,-22.647825,-30.474998,-23.651855,,-26.3,-25.341665,-22.75,-29.531252,-24.18674,-28.110521,-24.60435,,,-18.0,,-36.51,-24.400002,-32.06111,-28.381248,-24.79286,-26.677776,-25.385717,-29.988888,-34.1875,-28.127272,-29.12857,-25.260002,,-26.311111,-22.75789,-27.316002,-22.016668,-25.6,,,-27.540533,-28.12001,,-29.772224,-25.374998,,-24.15,-20.3,-30.350002,-26.296299,-24.141668,-28.938095,-30.169998,-22.31333,-29.685713,-34.4,-29.62,-26.359997,-26.428572,-29.733332,-31.033333,-27.72353,-27.199999,-23.449997,-27.199999,-24.83125,-22.318182,-26.790628,Animalia,Chordata,Mammalia,Monotremata,Ornithorhynchidae,Ornithorhynchus
Oryctolagus cuniculus,,-23.291666,-32.98,-25.118181,,,-25.571428,,-31.540003,-28.976192,-29.399998,-27.975,,-22.8,,-27.7,-42.63333,-24.721426,-34.88125,-27.522224,-25.23,-27.5375,-28.725,-31.916666,-31.519999,-29.2,-29.4,-26.179998,,-26.81579,-24.8,-26.931036,-23.092855,,,-20.6,-26.483994,-32.01428,,-31.679998,,,,-40.7,-31.241663,-25.860868,-25.899998,-29.280775,-22.233332,-23.275,-33.85,-35.142857,-36.4,-26.364286,-25.54,-31.266668,-32.075,-29.088888,-29.279999,-25.9,,-28.072222,-26.36,-27.908335,Animalia,Chordata,Mammalia,Lagomorpha,Leporidae,Oryctolagus
Oryzias latipes,-18.9,-22.44,-31.299997,-24.761114,,-27.8,-24.4,,-28.55,-27.755556,-28.9,-23.83899,-19.2,,,,-30.5,-21.52,-29.86,-27.899996,-24.062502,-31.5,-23.675001,-30.657146,-31.233334,-26.375,-29.4,-26.933334,,-27.382353,-22.502085,-26.769999,-22.579998,,-26.8,,-26.215006,-27.741667,,-27.86364,,,,,-27.091667,-26.390907,-25.15,-29.23333,-29.216665,-19.75,-28.985716,-29.78125,-27.533333,-25.484615,-22.304646,-29.762499,-29.328571,-26.377777,-28.83333,-24.779999,-34.9,-26.881817,-21.566662,-25.722221,Animalia,Chordata,Actinopterygii,Beloniformes,Adrianichthyidae,Oryzias
Ovis aries,-17.3,-24.214285,-29.15,-23.599998,-25.0,-24.460001,-25.849998,,-31.6,-29.183336,-29.4,-28.26,-26.75,-27.9,,,-35.2,-24.677778,-27.15,-25.272223,-26.706385,-27.590313,-27.983335,-27.551516,-31.133331,-26.842855,-29.4,-26.6,-26.599998,-26.27167,-25.822222,-26.831255,-21.366667,,,,-25.33607,-25.76667,-19.55,-27.0,-28.933334,-22.433334,,,-26.737501,-26.875,-24.474998,-28.592304,-28.24,-24.2125,-34.13333,-35.44,-26.474998,-26.318798,-24.1,-27.736366,-30.9,-26.358335,-29.25,-23.920002,,-26.460426,-25.285715,-26.06364,Animalia,Chordata,Mammalia,Artiodactyla,Bovidae,Ovis
Pan troglodytes,,-24.819996,-32.9375,-25.966667,-26.5,,-25.699999,-21.25,-31.210001,-27.68772,-30.929998,-28.066668,-30.1,,,-26.9,-38.51429,-24.199999,-33.0,-25.899998,-25.842855,-27.436363,-28.375002,-31.900002,-31.866669,-29.24,-29.64,-26.750002,-24.8,-26.9,-26.170002,-26.856253,-22.1,,,-29.6,-26.629635,-29.945454,-25.0,-30.955553,,,,,-29.86154,-25.976921,-25.242853,-28.437939,-19.137499,-25.622223,-33.000004,-34.14,-29.866667,-27.014286,-25.516665,-30.300001,-31.725002,-30.066668,-29.242855,-25.5,-20.6,-28.07333,-24.071424,-27.333338,Animalia,Chordata,Mammalia,Primates,Hominidae,Pan
Papio hamadryas,,,,,,,,,,,,,,,,,,,,,,,,,,,,,,,,,,,,,,,,,,,,,,,,,,,,,,,,,,,,,,,,,Animalia,Chordata,Mammalia,Primates,Cercopithecidae,Papio
Petromyzon marinus,-19.0,-20.05809,-32.450005,-24.900953,,-34.533333,-22.947002,,-30.628565,-25.32232,-27.545666,-25.055553,,-23.0,-21.0,,-38.417957,-22.942873,-31.2676,-27.32652,-25.360004,-29.9375,-31.36,-30.668737,-29.244999,-31.09091,-29.276194,-24.875,-27.3,-27.419046,-24.212217,-26.23031,-21.71081,-25.9,,,-25.597185,-30.85531,-30.4,-26.95799,,,,-20.705557,-25.788683,-25.661549,-24.95667,-26.19924,-28.9875,-25.921053,-32.757145,-35.57222,-36.033333,-28.081247,-25.2875,-30.278574,-28.678942,-29.172413,-28.358984,-27.249996,-21.8,-25.23684,-25.640625,-30.402943,Animalia,Chordata,Petromyzontida,Petromyzontiformes,Petromyzontidae,Petromyzon
Pongo pygmaeus abelii,,-24.900002,-33.45,-25.053843,,,-25.614286,,-30.200003,-28.845451,-30.399996,-27.166666,-29.5,,,-25.4,-41.879997,-23.146667,-31.230001,-27.972223,-25.885715,-26.577778,-28.116669,-30.749998,-29.716665,-29.6,-29.4,-25.699999,,-26.657145,-25.4,-26.985004,-21.772728,,,-26.799997,-26.311108,-30.099995,,-31.675003,,,,,-30.453335,-26.2,-25.669998,-27.969704,-23.766665,-23.357143,-33.0,-34.649998,-33.0,-26.275002,-26.050001,-29.8625,-31.275,-29.222221,-29.314285,-25.720001,,-28.74737,-25.533333,-27.507145,Animalia,Chordata,Mammalia,Primates,Hominidae,Pongo
Rattus norvegicus,-43.2,-25.237501,-32.833332,-23.466667,,,-25.699999,-21.8,-29.449999,-30.23529,-29.646675,-29.5,,-30.5,,,-39.266666,-24.84286,-33.9,-28.076923,-24.725,-29.3,-28.733332,-31.655556,-30.300001,-29.800001,-29.4,-28.433334,,-27.15,-25.455557,-25.382357,-22.800001,,,,-26.36315,-31.393328,,-29.288889,,-24.3,,,-31.4375,-26.553335,-25.899996,-29.285711,-28.25,-22.079998,-33.425,-35.466663,-34.0,-26.066668,-25.880001,-30.1,-32.225,-24.886665,-29.300001,-25.26,,-27.679998,-25.380001,-28.555555,Animalia,Chordata,Mammalia,Rodentia,Muridae,Rattus
Sus scrofa,,-24.400002,-33.100002,-24.699999,-23.9,,-25.85,,-31.507694,-28.512497,-29.399998,-27.0125,,-26.320002,,-27.65,-41.816666,-25.722223,-33.566666,-27.548,-24.02,-24.885714,-27.6,-32.17143,-26.55,-29.199997,-29.4,-26.779999,,-25.961538,-26.15,-27.783335,-21.9,,,,-27.112501,-31.043749,,-32.18,,,,,-31.83846,-28.36666,-25.899996,-28.97857,-28.65,-23.38889,-33.3,-34.45,,-22.957142,-26.0,-30.985714,-29.042858,-28.894117,-29.25,-25.95,-27.9,-23.180264,-22.5875,-25.809095,Animalia,Chordata,Mammalia,Artiodactyla,Suidae,Sus
Taeniopygia guttata,,-25.799997,,-24.819998,-25.5,-26.2,-25.466667,,-31.6,-27.106668,-27.75,-27.1,,,,,-46.3,-24.3,-33.842857,-28.1,-25.866669,-28.85,,-30.5,,-28.233332,-29.4,-27.85,,-27.5,-24.933334,-29.65,-24.27,-22.9,,,-26.062502,-29.899998,,-32.28,,,,,-31.807695,-26.47143,-26.320002,-29.512497,-21.45,-23.9,-30.8,-33.0,-36.0,-26.800001,-27.65,-30.866667,-22.45,-29.414286,-29.4,-27.1,,-30.85,-24.0,-29.2,Animalia,Chordata,Aves,Passeriformes,Estrildidae,Taeniopygia
Takifugu rubripes,,-23.81333,-34.12727,-23.592308,,,-24.987497,,-29.036366,-28.06429,-29.149998,-25.72222,-23.6,-21.6,-25.599998,,-39.039997,-24.12592,-32.871426,-27.122215,-24.054996,-29.9,-27.225002,-30.880001,-28.625,-27.9,-30.116667,-26.316668,,-26.829998,-23.964285,-27.12632,-22.513636,,-20.7,,-27.046152,-29.249996,-35.0,-29.333334,,,,,-29.114285,-23.684002,-28.555002,-26.689287,-21.762499,-23.780003,-30.849998,-29.949999,-38.3,-23.933329,-24.685715,-28.253845,-25.050001,-27.7625,-26.762499,-25.5125,,-23.918747,-22.508331,-24.604765,Animalia,Chordata,Actinopterygii,Tetraodontiformes,Tetraodontidae,Takifugu
Tarsier syrichta,,-25.640003,-33.233334,-24.575,-25.8,,-26.199999,,-28.333336,-30.066668,-29.4,-26.15714,,,-47.3,-21.1,-38.5,-25.225,-34.55,-27.916666,-25.650002,-28.724998,-27.6,-30.6,-31.15,-28.633333,-26.9,-25.9,,-29.425001,-26.0,-27.949999,-21.699999,,,,-26.347612,-29.333334,,-32.600002,,,,,-30.916666,-24.866667,-25.614285,-29.1625,-15.4363575,-24.25,-32.5,-36.4,-36.4,-26.55,-27.825,-26.933334,-33.35,-31.0,-44.652943,-27.800001,-53.3,-27.516665,-45.082226,-28.469997,Animalia,Chordata,Mammalia,Primates,Tarsiidae,Tarsier
Tetraodon nigroviridis,-24.1,-22.888887,-32.000004,-24.635717,,,-25.357143,,-27.150002,-27.043753,-29.299997,-26.696,,,,,-42.525,-24.346666,-30.561283,-26.564997,-25.277779,-26.616667,-30.650002,-31.200003,-30.0,-28.2,-30.45,-28.323078,,-27.284616,-25.041178,-27.78824,-22.046667,,,,-27.183329,-28.442856,,-31.227276,,,-24.6,,-30.618181,-23.605883,-30.49231,-29.427275,-25.8,-25.133331,-30.583334,-31.960001,-40.0,-27.15833,-25.199999,-30.177778,-28.560001,-26.255554,-28.24444,-25.73,,-26.039997,-25.300001,-27.937498,Animalia,Chordata,Actinopterygii,Tetraodontiformes,Tetraodontidae,Tetraodon
Xenopus tropicalis,-24.849998,-23.437046,-32.747364,-24.504677,-20.8,,-23.69375,,-30.534988,-30.37691,-28.83936,-22.685911,,,-19.8,-26.2,-35.86667,-23.071997,-30.99031,-26.577469,-24.997055,-27.664333,-29.542858,-29.696545,-30.57273,-27.815157,-28.043758,-25.46207,-23.9,-26.846,-25.290245,-27.356094,-22.6875,,-29.1,-24.95,-25.11743,-29.842522,-26.0,-29.555578,-36.6,,-31.2,,-29.65462,-26.09,-27.07436,-28.822912,-27.754341,-21.067572,-33.851856,-30.789358,-36.0,-26.319233,-26.060616,-26.16443,-29.982914,-26.979162,-28.209818,-23.797766,-29.7,-25.432543,-25.22069,-28.538008,Animalia,Chordata,Amphibia,Anura,Pipidae,Xenopus
