,Ala,Cys,Asp,Glu,Phe,Gly,His,Ile,Lys,Leu,Met,Asn,Pro,Gln,Arg,Ser,Thr,Val,Trp,Tyr,Stop
Pristionchus pacificus,-28.789911,-28.196768,-24.628847,-25.753021,-32.66666,-29.475737,-27.408895,-28.080004,-24.666664,-33.93044,-25.969242,-27.012245,-27.03699,-27.875,-25.384863,-26.770426,-24.517956,-26.092432,-24.555,-24.616121,-32.5
Strongylocentrotus purpuratus,-29.192865,-26.709671,-25.27805,-27.718195,-23.6,-28.543024,-27.173077,-27.373121,-25.953547,-30.01702,-29.305468,-27.671787,-28.646925,-23.673681,-26.375582,-29.42187,-25.647371,-22.744684,-24.999994,-30.941666,-26.4
Anopheles gambiae,-29.26539,-28,-26.960003,-27.450008,-24.800001,-33.026093,-27.21428,-27.699997,-28.664,-31.24286,-24.866665,-30.408335,-25.557146,-24,-27.036364,-29.5,-23.575,-24.90001,-25.800001,-36.65,-22.2
Drosophila melanogaster,-30.611763,-27.071428,-25.878569,-26.123085,-24.800001,-33.210007,-28.8,-26.625,-28.150003,-35.33479,-26.249998,-31.899996,-27.723532,-24.808334,-27.134615,-29.974995,-22.300005,-23.000004,-26.624998,-30.11111,-32.2
Leishmania major,-26.519999,-26.7,-28.9,-24.866667,-28.7,-30.966665,-26.2,-26.550001,-28.02,-25.175,-25.25,-29.9,-30.76,-24.875,-26.699999,-27.819998,-27.983332,-26.12,-24,-26.733332,-27.3410749
Caenorhabditis brenneri,-29.082685,-26.400003,-27.036362,-27.66966,-22.080006,-30.543034,-28.0149,-31.946821,-27.212437,-36.181934,-26.544836,-29.550777,-28.789343,-25.255453,-27.49198,-27.659252,-24.804996,-24.891241,-24.395454,-28.48749,-23.1
Caenorhabditis briggsae,-28.220634,-28.894121,-24.529413,-26.225426,-21.36522,-28.250563,-24.306244,-32.657143,-25.450647,-34.735004,-26.708336,-28.969236,-27.27637,-22.829027,-25.323534,-26.477276,-20.90506,-24.499994,-24.442858,-26.534782,-16.55
Caenorhabditis elegans,-28.913519,-26.330772,-25.327276,-26.606657,-25.533339,-28.291412,-24.615694,-30.443747,-26.448236,-32.134617,-26.640005,-29.590475,-26.860012,-24.879063,-25.364817,-25.914894,-23.982695,-25.256248,-24.966667,-27.24,-21.740002
Caenorhabditis japonica,-29.446814,-28.44286,-26.85,-27.385002,-22.840004,-29.493008,-27.878569,-30.67353,-26.15757,-34.615383,-26.921436,-29.817398,-28.277206,-25.230766,-26.557995,-26.763462,-24.951113,-26.604643,-25.544443,-28.091997,-34.8
Caenorhabditis remanei,-27.891926,-26.82667,-26.016127,-25.741055,-21.883337,-27.964252,-24.340631,-31.025005,-25.508596,-34.180992,-26.498219,-29.537247,-27.663284,-24.274672,-25.347622,-26.571432,-24.1989,-24.489801,-24.377777,-27.268076,-31.060001
Ailuropoda melanoleuca,-30.403225,-27.083994,-24.85,-24.533335,-23.10909,-28.691666,-25.899998,-27.494444,-23.710613,-34.25758,-26.262503,-25.158829,-28.48,-27.939707,-30.890131,-31.019999,-26.668966,-25.261532,-25.869999,-32.05455,-25.13077
Anolis carolinensis,-27.904758,-25.716667,-26.587502,-26.683329,-23,-28.30588,-24.08,-25.785715,-28.345457,-33.553333,-27.141668,-29.519999,-28.766666,-25.599998,-28.15,-30.930769,-26.974998,-24.119999,-23.600002,-32.2,-34
Bos taurus,-27.628149,-26.182154,-25.150982,-26.512611,-22.309862,-27.886013,-24.654175,-26.160791,-26.170721,-31.08527,-26.679419,-30.458584,-29.273088,-25.411663,-27.482285,-28.967722,-26.196878,-23.865297,-27.38,-26.298983,-26.259773
Callithrix jacchus,-29.02917,-28.820831,-26.175001,-26.85,-21.45,-28.80769,-25.199999,-27.99375,-27.385004,-32.725,-27.273336,-28.649996,-29.3647,-23.533333,-28.573915,-31.141668,-26.633333,-24.03333,-25.65,-30.781818,-27.966665
Canis familiaris,-28.989286,-27.10952,-25.353334,-25.662163,-21.779999,-27.973331,-26.855553,-28.27857,-23.652725,-34.43913,-26.03636,-28.581816,-29.965,-28.852388,-27.539684,-29.586668,-26.423529,-25.35263,-26.199999,-31.388885,-30.27143
Cavia porcellus,-28.010864,-28.44117,-24.7,-27.80909,-22.15,-28.152172,-26.099998,-27.273333,-24.754055,-33.37916,-27.56667,-27.777775,-29.353329,-24.741667,-28.262499,-31.952,-26.717648,-24.806248,-25.9875,-32.453335,-26.650002
Danio rerio,-26.847305,-25.183754,-24.957535,-25.524736,-21.04301,-26.598335,-25.736635,-27.143238,-24.893925,-32.77575,-26.211206,-25.468693,-27.159523,-24.171368,-27.120808,-28.567373,-25.933271,-21.300005,-23.326826,-29.590065,-24.662718
Equus caballus,-29.100004,-26.99216,-24.938095,-24.224394,-22.831999,-28.22445,-24.5,-25.957148,-28.00624,-34.6451,-27.127077,-29.297506,-29.38001,-24.758821,-27.96508,-31.103113,-26.742104,-24.587683,-25.757143,-31.19,-26.725002
Felis catus,-30.13518,-28.695011,-26.027779,-26.816128,-25.649998,-32.93196,-29.548153,-29.366667,-24.911964,-28.453331,-26.552938,-25.838985,-31.760159,-30.922033,-32.682495,-30.929028,-26.39211,-25.389282,-30.459373,-30.080002,-30.433666
Gallus gallus,-28.075869,-26.7,-26.5125,-27.007141,-25.05,-28.541176,-25.662498,-26.999998,-28.700003,-34.535713,-28.69231,-30.699999,-29.23636,-26.616667,-28.175001,-30.995,-27.029999,-23.45625,-25.433334,-32.583332,-36
Gasterosteus aculeatus,-27.470375,-26.310295,-24.617914,-27.486876,-24.96572,-26.644163,-27.44615,-27.456158,-26.460749,-32.2032,-27.821949,-25.963736,-29.56452,-25.214914,-24.895962,-31.089066,-25.321648,-24.473076,-24.385126,-32.076473,-38.3
Gorilla gorilla gorilla,-29.061289,-25.849997,-24.54,-27.38,-22.95,-28.854542,-25.899998,-27.757893,-26.800005,-31.944443,-27.831253,-29.31305,-30.32105,-25.377775,-28.170006,-31.48,-26.766668,-24.960869,-25.84286,-30.821428,-31.5
Heterocephalus glaber,-24.638462,-26.849997,-26.230001,-27.40909,-21.416666,-27.586359,-24.34,-27.363636,-26.16667,-32.06666,-26.807695,-30.066664,-25.966663,-25.555555,-27.429167,-30.99,-24.178263,-24.387497,-25.466667,-32.622223,-36.0125
Homo sapiens,-27.200005,-26.509377,-25.209997,-23.672094,-20.67647,-26.915497,-24.681816,-27.66909,-25.235294,-29.428263,-27.774994,-26.578089,-27.985723,-21.790659,-26.95074,-29.490618,-26.990908,-21.95406,-27.577778,-27.764708,-23.9
Loxodonta africana,-26.053288,-24.81034,-24.300001,-22.215946,-21.324242,-21.393276,-24.39334,-25.484007,-24.59583,-34.021324,-26.925993,-27.494553,-27.563637,-24.442856,-23.109934,-28.61009,-24.736176,-22.875597,-25.352173,-30.005001,-21.526924
Macaca mulatta,-29.251724,-26.415377,-25.12143,-27.770584,-22.444445,-29.460869,-25.619999,-27.74737,-27.184002,-33.092003,-27.500002,-29.078947,-28.894114,-24.666664,-28.326927,-31.292307,-26.733334,-23.244,-25.199999,-31.30909,-36.4
Meleagris gallopavo,-28.418749,-26.9,-26.5,-26.390907,-24.700003,-29.483332,-26.1,-27.300001,-27.985714,-34.47778,-29.036364,-30.550001,-29.48,-25,-29.372728,-30.793333,-27.083334,-23.53333,-25.7,-32.616665,-27.3410749
Microcebus murinus,-29.736841,-26.08095,-26.52,-27.664705,-23,-29.099997,-25.833334,-30.442858,-28.08182,-33.265,-28.078577,-31.799997,-29.442854,-25.549997,-27.936844,-30.626318,-27.387499,-24.145454,-25.466667,-31.662502,-27.3410749
Monodelphis domestica,-28.450005,-25.962004,-24.824,-27.588892,-22.966667,-29.546507,-25.899998,-26.65,-27.793756,-34.18387,-26.203997,-29.899996,-28.986364,-23.58889,-28.240002,-30.389994,-26.54091,-24.51739,-23.955557,-29.626667,-27.3410749
Mus musculus,-29.090002,-25.622816,-26.29375,-27.380949,-22.785715,-28.65517,-24.836363,-27.117647,-26.403341,-31.906897,-26.977777,-29.971424,-27.866663,-24.943748,-28.420837,-31.024996,-27.02222,-24.147821,-25.1625,-29.920002,-28.333334
Nomascus leucogenys,-28.837496,-26.659086,-25.144445,-27.431248,-22.4125,-28.65833,-24.758331,-27.99412,-26.487883,-33.581482,-27.328573,-29.888885,-29.243746,-24.77222,-27.753572,-31.028,-25.85,-23.63077,-25.837502,-30.630768,-36.4
Ornithorhynchus anatinus,-25.118912,-27.540533,-26.296299,-25.760468,-22.192,-27.468195,-23.896002,-26.556759,-27.021048,-31.990566,-28.381248,-28.938095,-27.64286,-22.596666,-26.933336,-29.909256,-24.248081,-22.963264,-24.79286,-30.350002,-28.712502
Oryctolagus cuniculus,-29.032356,-26.483994,-25.733332,-27.427023,-23.092855,-29.058828,-25.899998,-28.573685,-27.217072,-32.932358,-27.522224,-29.22223,-29.366661,-25.189999,-28.596434,-31.658623,-27.461905,-23.876467,-25.23,-31.241663,-36.4
Oryzias latipes,-26.94091,-26.215006,-26.390907,-27.185719,-22.245455,-27.12069,-25.15,-27.123533,-26.273685,-29.834047,-27.899996,-29.23333,-28.923527,-22.279371,-24.786598,-29.145943,-24.413582,-21.608335,-24.062502,-26.484617,-29.375
Ovis aries,-27.420002,-25.26624,-27.079998,-26.403528,-20.785715,-27.119827,-24.474998,-28.981817,-26.386845,-31.269566,-25.272223,-28.592304,-29.318178,-25.587498,-27.080278,-29.263159,-26.207691,-24.387497,-26.706385,-26.738892,-26.52857
Pan troglodytes,-28.374115,-26.625006,-25.976921,-27.7,-22.1,-28.286211,-25.242853,-28.248716,-27.087088,-30.724998,-25.899998,-28.386675,-30.100008,-25.305883,-28.093218,-30.560705,-26.978949,-24.812906,-25.842855,-29.878572,-25.77143
Petromyzon marinus,-27.152723,-25.597185,-25.62786,-26.382507,-21.639473,-30.305403,-24.70938,-26.462608,-28.347757,-33.139038,-27.32652,-26.19924,-28.187729,-24.586884,-26.067802,-28.614624,-24.644764,-21.555477,-25.360004,-25.788683,-31.439999
Pongo pygmaeus abelii,-29.028568,-26.311108,-26.2,-28.184614,-21.772728,-28.023329,-25.669998,-27.909088,-27.200005,-32.28824,-27.972223,-27.822863,-29.872728,-25.453331,-28.262865,-30.688887,-26.469568,-23.663332,-25.885715,-30.393751,-33
Rattus norvegicus,-28.529095,-26.36315,-26.800001,-27.414999,-25.35,-29.379307,-25.899996,-25.866667,-26.480774,-33.77931,-28.076923,-29.285711,-29.574371,-25.428572,-28.8871,-29.632002,-28.064705,-24.309998,-24.725,-31.4375,-34
Sus scrofa,-28.747915,-26.755556,-28.155664,-23.333471,-21.9,-27.719997,-25.899996,-28.599998,-26.33555,-34.75909,-27.548,-28.812498,-29.357138,-24.724997,-29.048155,-30.614702,-26.55238,-24.507692,-24.02,-31.83846,-27.9
Taeniopygia guttata,-27.888002,-26.000002,-26.47143,-28.84,-24.27,-28.505259,-26.320002,-26.183332,-29.425,-31.864288,-28.1,-29.512497,-28.299997,-24.800001,-27.823078,-30.11,-27.266668,-24.75,-25.866669,-31.807695,-36
Takifugu rubripes,-27.942858,-27.046152,-23.603848,-25.536116,-22.513636,-27.271801,-28.286366,-25.6,-25.802505,-32.25999,-27.122215,-26.689287,-28.595835,-23.292309,-27.305878,-28.348772,-25.781246,-23.969229,-24.054996,-28.746666,-38.3
Tarsier syrichta,-29.966667,-26.322721,-24.866667,-28.279999,-21.699999,-28.666664,-28.324997,-28.516668,-28.32143,-18.189613,-27.916666,-28.266668,-39.995834,-43.889587,-27.65,-30.776194,-26.581816,-25.084616,-25.650002,-30.916666,-44.85
Tetraodon nigroviridis,-26.866667,-27.183329,-23.605883,-26.617863,-22.175,-27.618753,-30.49231,-26.563162,-27.836006,-31.249998,-26.564997,-29.427275,-28.88261,-25.108698,-27.915384,-29.070002,-26.935417,-23.948143,-25.277779,-30.618181,-40
Xenopus tropicalis,-28.68081,-25.019304,-26.09,-25.963873,-22.762068,-27.982292,-26.892502,-27.088678,-27.852661,-31.573793,-26.577469,-28.769384,-28.458593,-25.261429,-26.375216,-29.979826,-23.395233,-22.685823,-24.997055,-29.65462,-29.824999
Aspergillus fumigatus,-30.007692,-25.566666,-33.18889,-26.933334,-33.72,-25.320004,-31.05,-27.175001,-26.633331,-38.43846,-32.025,-35.06,-32.300003,-26.212502,-22.981249,-32.633335,-26.57273,-26.730001,-23,-34.5,-27.3410749
Candida glabrata,-23.393747,-21.2,-26.079998,-21.246157,-26.02857,-26.80625,-16.157143,-27.916666,-25.006252,-29.988232,-24.41111,-22.399998,-37.462498,-21.844442,-22.806253,-28.337502,-19.52143,-20.235716,-33.379997,-27.1,-11.9
Cryptococcus neoformans,-27.99,-30.133333,-26.8,-26.758331,-28.8,-26.885715,-23.125,-24.699999,-43.425,-33.627274,-27.133333,-31.55,-36.414288,-27.66,-31.207693,-29.45,-28.857141,-26.477777,-24.6,-29.625,-27.3410749
Debaryomyces hansenii,-24.676924,-24.5,-24.08,-24.554543,-27.744442,-24.552938,-20.766666,-30.808332,-27.495005,-26.255554,-26.269999,-22.877779,-34.4,-25.475,-24.936842,-29.078571,-23.625,-21.607143,-23.6,-29.933334,-13.7
Encephalitozoon cuniculi,-20.9,-19.3,-26.7,-25,-24.2,-23.266668,-24.3,-27.5,-27.7,-30.3,-25.95,-26.95,-28.933334,-22.5,-26.7,-31.375,-25.766668,-21.733332,-20.3,-25.1,-27.3410749
Eremothecium gossypii,-23.728573,-23.65,-27.554546,-20.516668,-27.828571,-27.13125,-19.033335,-26.054546,-26.03077,-36.35294,-23.349998,-19.614286,-38.7125,-27.487503,-25.52857,-29.00625,-19.400002,-20.666666,-30.84,-29.05,-9.1
Kluyveromyces lactis,-23.572725,-21.35,-25.977776,-21.518183,-19.866667,-28.254545,-20.880001,-25.566666,-29.45,-32.69286,-23.562502,-22.17143,-37.855553,-23.75,-24.523075,-27.875002,-22.149998,-20.599998,-33.525,-28.733335,-14.1
Magnaporthe oryzae,-30.042856,-28.333334,-20.26,-27.775003,-23.257141,-28.869999,-21.1,-31.37778,-31.845457,-35.10667,-28.25,-26.879969,-33.48889,-29.150002,-32.164284,-31.616669,-27.399998,-29.26667,-23.5,-30.079998,0
Saccharomyces cerevisiae,-24.688229,-24.5,-24.288235,-21.147062,-28.272728,-27.181816,-20.35,-25.175001,-25.350004,-30.981812,-25.133331,-22.045454,-37.458336,-25.699999,-22.357145,-27.372227,-20.247059,-20.736845,-31.800001,-26.600002,-12.75
Schizosaccharomyces pombe,-23.558336,-20.8,-22.399998,-26.4,-21.1,-24.349998,-25.220001,-23.48,-24.953846,-27.806667,-23.410002,-24.371428,-22.788889,-22.1,-24.440002,-30.114285,-23.29091,-20.815382,-21.075,-25.025,-27.3410749
Yarrowia lipolytica,-22.597229,-24.399998,-30.996426,-27.242422,-28.876472,-28.956102,-23.300003,-30.785183,-28.007896,-34.234993,-28.35555,-28.01875,-31.31154,-23.772224,-29.835485,-31.793934,-24.188887,-21.785294,-24.200003,-31.528574,-27.3410749
Brachypodium distachyon,-30.82092,-24.666666,-26.823072,-27.167648,-22.111107,-28.613035,-24.92083,-27.092312,-31.160002,-28.244234,-25.326786,-23.575,-25.151222,-26.457691,-26.674477,-30.291662,-25.639286,-21.83333,-23.911108,-29.199999,-27.3410749
Physcomitrella patens,-26.166658,-23.114286,-27.075003,-23.354542,-21.281248,-30.545952,-25.38889,-23.69412,-31.15834,-29.084616,-29.195833,-24.533329,-23.94231,-24.975002,-26.047365,-30.361763,-25.676191,-20.392305,-23.300001,-29.175,-30.266668
Sorghum bicolor,-29.803213,-26.515383,-27.349995,-27.176924,-21.899996,-29.447498,-24.794119,-28.327278,-28.412119,-28.806252,-26.541029,-24.141174,-24.917143,-25.949997,-26.704554,-29.477999,-25.415628,-22.0147,-23.392305,-30.133331,-16.75
Zea mays,-29.212395,-25.011995,-27.507309,-25.969393,-21.166662,-29.994442,-25.295832,-26.171873,-23.17598,-28.567604,-25.585714,-23.565905,-24.807695,-25.70606,-26.372309,-30.909819,-24.17552,-21.978424,-23.419994,-30.11,-19.95
Arabidopsis thaliana,-31.648481,-22.766666,-26.873075,-26.296297,-20.90588,-29.352373,-26.62,-26.741669,-31.140629,-27.652382,-28.004168,-24.956245,-25.295511,-25.911764,-27.127026,-28.039062,-24.2875,-23.026667,-22.914286,-26.437656,-27.3410749
Glycine max,-31.357126,-24.506247,-26.176464,-25.46342,-20.786953,-29.426785,-25.479998,-24.920515,-31.04651,-28.383324,-25.630169,-23.472971,-25.334476,-27.719997,-26.842468,-28.361534,-26.892595,-23.55217,-23.648272,-31.590906,-27.3410749
Medicago truncatula,-30.559082,-23.663637,-25.758057,-24.512123,-21.448147,-27.542858,-25.46667,-28.93784,-29.87222,-27.54,-24.8122,-23.333328,-25.000004,-23.952002,-26.685291,-30.207499,-25.764002,-22.114702,-22.699999,-28.431248,-26.59394
Oryza sativa,-32.215897,-27.15,-28.231241,-26.826834,-22.369997,-28.531912,-24.86538,-28.673914,-30.268747,-28.44655,-25.041664,-23.686668,-25.32973,-25.27742,-26.45594,-29.95645,-24.352505,-21.913996,-23.477774,-29.136364,-27.3410749
Populus trichocarpa,-29.75434,-23.72,-28.244112,-26.365725,-23.674997,-28.579992,-25.846157,-27.453342,-29.757147,-31.625368,-29.176922,-24.187498,-24.429262,-27.863636,-26.08723,-28.89782,-25.7,-23.933329,-22.97857,-31.82778,-23.5
