  ;eigenvalue;percentage of variance;cumulative percentage of variance;
comp 1;10.9017501193767;17.033984561526;17.033984561526
comp 2;5.84134274723593;9.12709804255614;26.1610826040822
comp 3;4.38880012697231;6.85750019839423;33.0185828024764
comp 4;4.02037836311426;6.28184119236604;39.3004239948424
comp 5;3.58384419141128;5.59975654908012;44.9001805439226
comp 6;2.70624847729157;4.22851324576807;49.1286937896906
comp 7;2.57542004524581;4.02409382069657;53.1527876103872
comp 8;2.48372310365485;3.8808173494607;57.0336049598479
comp 9;2.14004434988863;3.34381929670098;60.3774242565489
comp 10;1.8647487900079;2.91366998438734;63.2910942409362
comp 11;1.70293473952645;2.66083553051008;65.9519297714463
comp 12;1.62543277059731;2.5397387040583;68.4916684755046
comp 13;1.47431218797862;2.3036127937166;70.7952812692212
comp 14;1.44187677759689;2.25293246499514;73.0482137342164
comp 15;1.37516994591749;2.14870304049608;75.1969167747124
comp 16;1.17370356717928;1.83391182371762;77.0308285984301
comp 17;1.12784521788727;1.76225815294886;78.7930867513789
comp 18;1.04446347320069;1.63197417687608;80.425060928255
comp 19;1.02807615010929;1.60636898454577;82.0314299128008
comp 20;0.979085051965711;1.52982039369642;83.5612503064972
comp 21;0.912391618076486;1.42561190324451;84.9868622097417
comp 22;0.892049047914053;1.39382663736571;86.3806888471074
comp 23;0.795611544465859;1.2431430382279;87.6238318853353
comp 24;0.753107975418813;1.1767312115919;88.8005630969272
comp 25;0.721068233581929;1.12666911497176;89.927232211899
comp 26;0.616892197634226;0.963894058803478;90.8911262707024
comp 27;0.58268211262677;0.910440800979328;91.8015670716818
comp 28;0.549602492098386;0.858753893903728;92.6603209655855
comp 29;0.521034808480506;0.814116888250791;93.4744378538363
comp 30;0.418711961533036;0.654237439895369;94.1286752937317
comp 31;0.395952760609716;0.618676188452681;94.7473514821843
comp 32;0.351477092729803;0.549182957390317;95.2965344395747
comp 33;0.320906507987677;0.501416418730746;95.7979508583054
comp 34;0.284476762694204;0.444494941709693;96.2424458000151
comp 35;0.277230297767209;0.433172340261263;96.6756181402764
comp 36;0.249728495394742;0.390200774054285;97.0658189143306
comp 37;0.2338138208437;0.365334095068282;97.4311530093989
comp 38;0.198912503076594;0.310800786057178;97.7419537954561
comp 39;0.191972027200234;0.299956292500365;98.0419100879565
comp 40;0.16428924096068;0.256701939001062;98.2986120269575
comp 41;0.143767549094984;0.224636795460912;98.5232488224185
comp 42;0.123775203063059;0.193398754786029;98.7166475772045
comp 43;0.109614619534407;0.171272843022511;98.887920420227
comp 44;0.105472337169421;0.16480052682722;99.0527209470542
comp 45;0.0931588534776787;0.145560708558873;99.1982816556131
comp 46;0.0696154963351162;0.108774213023619;99.3070558686367
comp 47;0.065739488736921;0.102717951151439;99.4097738197881
comp 48;0.0571701493447049;0.0893283583511013;99.4991021781392
comp 49;0.0527858941956213;0.0824779596806582;99.5815801378199
comp 50;0.0487090327261741;0.076107863634647;99.6576880014545
comp 51;0.0457388402469705;0.0714669378858914;99.7291549393404
comp 52;0.0370882926273677;0.0579504572302621;99.7871053965707
comp 53;0.0309819735379824;0.0484093336530974;99.8355147302238
comp 54;0.0270691515461628;0.0422955492908793;99.8778102795147
comp 55;0.0189361780907705;0.029587778266829;99.9073980577815
comp 56;0.0175005517869869;0.0273446121671671;99.9347426699487
comp 57;0.0122549842514941;0.0191484128929595;99.9538910828416
comp 58;0.0105874612682102;0.0165429082315785;99.9704339910732
comp 59;0.00815193131538543;0.0127373926802897;99.9831713837535
comp 60;0.00508598873786324;0.00794685740291131;99.9911182411564
comp 61;0.00413691976653623;0.00646393713521285;99.9975821782916
comp 62;0.00131881934676672;0.002060655229323;99.999642833521
comp 63;0.000228380278402524;0.000356844185003943;99.999999677706
comp 64;2.06268192429659e-07;3.22294050671341e-07;100

coord
   ;Dim.1;Dim.2;Dim.3;Dim.4;Dim.5;
AAA;0.1903;0.2331;0.2648;-0.0159;0.141;
AAC;0.6957;0.2853;0.2112;0.1907;0.0033;
AAG;0.2472;0.5733;0.0189;-0.1449;0.0024;
AAT;0.0654;-0.2327;0.5612;0.2764;-0.3461;
ACA;0.0077;0.0808;0.2594;-0.1003;0.2617;
ACC;0.1723;0.3248;0.2667;-0.1843;0.465;
ACG;-0.4589;0.2093;0.2611;0.622;0.1703;
ACT;0.0696;0.1614;0.3675;-0.1927;0.2957;
AGA;0.0475;-0.3071;-0.2778;0.284;0.5039;
AGC;0.3593;-0.2686;0.3424;-0.0722;0.158;
AGG;0.5362;0.5196;0.0713;0.2011;-0.2392;
AGT;0.5802;-0.284;-0.2417;0.0886;0.321;
ATA;0.1625;0.3065;-0.1097;-0.1628;0.1565;
ATC;-0.0312;-0.0644;-0.0789;0.1137;0.1714;
ATG;0.1022;0.1873;0.0128;0.0962;0.3871;
ATT;0.0467;0.3046;-0.2276;-0.2629;-0.2997;
CAA;0.4418;0.4543;0.2222;-0.271;-0.29;
CAC;0.6209;0.137;0.195;0.1173;-0.4066;
CAG;-0.3226;0.4164;0.2773;0.128;-0.1494;
CAT;0.5788;0.0913;-0.1917;0.1409;-0.1122;
CCA;-0.4228;0.5498;0.4132;-0.1737;0.2208;
CCC;0.5112;-0.1306;0.2582;0.3463;-0.1545;
CCG;0.2601;-0.0907;0.0334;-0.6156;0.2131;
CCT;0.4047;0.3327;-0.537;-0.025;0.0382;
CGA;0.0949;0.6101;-0.4787;0.1166;-0.0413;
CGC;0.2313;-0.5173;0.4595;0.077;0.1965;
CGG;0.2393;0.6711;-0.1369;0.3139;-0.1525;
CGT;0.0768;0.1365;-0.308;0.4921;0.272;
CTA;-0.0291;0.1035;-0.1211;-0.0602;0.2634;
CTC;0.6594;-0.1429;-0.1294;0.2132;-0.0074;
CTG;0.0725;-0.1604;0.512;0.321;0.3043;
CTT;0.1353;-0.1445;0.0566;0.6163;-0.0556;
GAA;-0.0702;0.3973;0.1336;0.3262;-0.439;
GAC;-0.0587;0.0115;0.1617;-0.1476;-0.374;
GAG;-0.3064;0.2969;0.106;0.0704;0.016;
GAT;0.6512;-0.2134;-0.0886;-0.1468;0.042;
GCA;0.682;0.1631;0.3243;0.0224;-0.1232;
GCC;0.1813;-0.3193;0.4596;-0.1517;0.1661;
GCG;0.1575;0.3355;0.175;-0.197;0.3707;
GCT;-0.1037;0.5287;-0.1695;0.239;0.277;
GGA;-0.069;-0.2129;-0.0458;0.0666;-0.0099;
GGC;-0.0332;-0.2344;0.2068;0.0731;0.089;
GGG;0.1323;0.3054;0.331;-0.2606;0.071;
GGT;0.0111;0.1967;-0.274;-0.1023;0.0388;
GTA;0.4133;0.1909;-0.0824;0.2509;0.2354;
GTC;0.0248;-0.0287;0.1345;0.1834;-0.1574;
GTG;0.7079;-0.2082;0.0816;-0.3837;-0.1018;
GTT;0.7507;0.3005;-0.1453;-0.1075;-0.3671;
TAA;0.0957;-0.2217;0.0334;0.404;-0.5392;
TAC;0.6152;-0.0329;0.1945;-0.0026;-0.2008;
TAG;0.2025;0.1663;0.1969;-0.2839;-0.0148;
TAT;-0.4451;0.642;0.0707;0.0242;-0.023;
TCA;0.7498;-0.0831;-0.2115;-0.2052;0.0423;
TCC;0.7056;0.0834;0.3651;-0.1729;0.0762;
TCG;0.2298;0.2429;0.6368;0.2378;0.068;
TCT;0.7118;-0.0287;-0.2859;0.1637;0.2456;
TGA;0.6488;0.0684;-0.3175;-0.0846;0.0438;
TGC;0.7137;-0.246;0.1402;0.2761;0.0932;
TGG;-0.4444;0.5922;0.1253;0.0894;0.2862;
TGT;0.7071;0.174;-0.0454;0.0788;-0.0212;
TTA;0.3305;0.1403;-0.0658;0.0781;0.3355;
TTC;0.7465;-0.0205;-0.1057;-0.1813;0.1981;
TTG;0.3206;0.2983;0.1848;0.3032;0.2999;
TTT;0.1909;-0.1777;-0.2314;0.6125;0.1827;

cor
   ;Dim.1;Dim.2;Dim.3;Dim.4;Dim.5;
AAA;0.1903;0.2331;0.2648;-0.0159;0.141;
AAC;0.6957;0.2853;0.2112;0.1907;0.0033;
AAG;0.2472;0.5733;0.0189;-0.1449;0.0024;
AAT;0.0654;-0.2327;0.5612;0.2764;-0.3461;
ACA;0.0077;0.0808;0.2594;-0.1003;0.2617;
ACC;0.1723;0.3248;0.2667;-0.1843;0.465;
ACG;-0.4589;0.2093;0.2611;0.622;0.1703;
ACT;0.0696;0.1614;0.3675;-0.1927;0.2957;
AGA;0.0475;-0.3071;-0.2778;0.284;0.5039;
AGC;0.3593;-0.2686;0.3424;-0.0722;0.158;
AGG;0.5362;0.5196;0.0713;0.2011;-0.2392;
AGT;0.5802;-0.284;-0.2417;0.0886;0.321;
ATA;0.1625;0.3065;-0.1097;-0.1628;0.1565;
ATC;-0.0312;-0.0644;-0.0789;0.1137;0.1714;
ATG;0.1022;0.1873;0.0128;0.0962;0.3871;
ATT;0.0467;0.3046;-0.2276;-0.2629;-0.2997;
CAA;0.4418;0.4543;0.2222;-0.271;-0.29;
CAC;0.6209;0.137;0.195;0.1173;-0.4066;
CAG;-0.3226;0.4164;0.2773;0.128;-0.1494;
CAT;0.5788;0.0913;-0.1917;0.1409;-0.1122;
CCA;-0.4228;0.5498;0.4132;-0.1737;0.2208;
CCC;0.5112;-0.1306;0.2582;0.3463;-0.1545;
CCG;0.2601;-0.0907;0.0334;-0.6156;0.2131;
CCT;0.4047;0.3327;-0.537;-0.025;0.0382;
CGA;0.0949;0.6101;-0.4787;0.1166;-0.0413;
CGC;0.2313;-0.5173;0.4595;0.077;0.1965;
CGG;0.2393;0.6711;-0.1369;0.3139;-0.1525;
CGT;0.0768;0.1365;-0.308;0.4921;0.272;
CTA;-0.0291;0.1035;-0.1211;-0.0602;0.2634;
CTC;0.6594;-0.1429;-0.1294;0.2132;-0.0074;
CTG;0.0725;-0.1604;0.512;0.321;0.3043;
CTT;0.1353;-0.1445;0.0566;0.6163;-0.0556;
GAA;-0.0702;0.3973;0.1336;0.3262;-0.439;
GAC;-0.0587;0.0115;0.1617;-0.1476;-0.374;
GAG;-0.3064;0.2969;0.106;0.0704;0.016;
GAT;0.6512;-0.2134;-0.0886;-0.1468;0.042;
GCA;0.682;0.1631;0.3243;0.0224;-0.1232;
GCC;0.1813;-0.3193;0.4596;-0.1517;0.1661;
GCG;0.1575;0.3355;0.175;-0.197;0.3707;
GCT;-0.1037;0.5287;-0.1695;0.239;0.277;
GGA;-0.069;-0.2129;-0.0458;0.0666;-0.0099;
GGC;-0.0332;-0.2344;0.2068;0.0731;0.089;
GGG;0.1323;0.3054;0.331;-0.2606;0.071;
GGT;0.0111;0.1967;-0.274;-0.1023;0.0388;
GTA;0.4133;0.1909;-0.0824;0.2509;0.2354;
GTC;0.0248;-0.0287;0.1345;0.1834;-0.1574;
GTG;0.7079;-0.2082;0.0816;-0.3837;-0.1018;
GTT;0.7507;0.3005;-0.1453;-0.1075;-0.3671;
TAA;0.0957;-0.2217;0.0334;0.404;-0.5392;
TAC;0.6152;-0.0329;0.1945;-0.0026;-0.2008;
TAG;0.2025;0.1663;0.1969;-0.2839;-0.0148;
TAT;-0.4451;0.642;0.0707;0.0242;-0.023;
TCA;0.7498;-0.0831;-0.2115;-0.2052;0.0423;
TCC;0.7056;0.0834;0.3651;-0.1729;0.0762;
TCG;0.2298;0.2429;0.6368;0.2378;0.068;
TCT;0.7118;-0.0287;-0.2859;0.1637;0.2456;
TGA;0.6488;0.0684;-0.3175;-0.0846;0.0438;
TGC;0.7137;-0.246;0.1402;0.2761;0.0932;
TGG;-0.4444;0.5922;0.1253;0.0894;0.2862;
TGT;0.7071;0.174;-0.0454;0.0788;-0.0212;
TTA;0.3305;0.1403;-0.0658;0.0781;0.3355;
TTC;0.7465;-0.0205;-0.1057;-0.1813;0.1981;
TTG;0.3206;0.2983;0.1848;0.3032;0.2999;
TTT;0.1909;-0.1777;-0.2314;0.6125;0.1827;

cos2
   ;Dim.1;Dim.2;Dim.3;Dim.4;Dim.5;
AAA;0.0362;0.0544;0.0701;3e-04;0.0199;
AAC;0.484;0.0814;0.0446;0.0364;0;
AAG;0.0611;0.3286;4e-04;0.021;0;
AAT;0.0043;0.0541;0.3149;0.0764;0.1198;
ACA;1e-04;0.0065;0.0673;0.0101;0.0685;
ACC;0.0297;0.1055;0.0711;0.034;0.2162;
ACG;0.2106;0.0438;0.0682;0.3869;0.029;
ACT;0.0049;0.026;0.1351;0.0371;0.0874;
AGA;0.0023;0.0943;0.0772;0.0806;0.2539;
AGC;0.1291;0.0721;0.1172;0.0052;0.025;
AGG;0.2875;0.27;0.0051;0.0404;0.0572;
AGT;0.3366;0.0807;0.0584;0.0078;0.1031;
ATA;0.0264;0.0939;0.012;0.0265;0.0245;
ATC;0.001;0.0041;0.0062;0.0129;0.0294;
ATG;0.0104;0.0351;2e-04;0.0093;0.1498;
ATT;0.0022;0.0928;0.0518;0.0691;0.0898;
CAA;0.1952;0.2064;0.0494;0.0734;0.0841;
CAC;0.3856;0.0188;0.038;0.0138;0.1653;
CAG;0.1041;0.1734;0.0769;0.0164;0.0223;
CAT;0.3351;0.0083;0.0367;0.0199;0.0126;
CCA;0.1788;0.3023;0.1707;0.0302;0.0488;
CCC;0.2613;0.0171;0.0667;0.12;0.0239;
CCG;0.0676;0.0082;0.0011;0.379;0.0454;
CCT;0.1638;0.1107;0.2884;6e-04;0.0015;
CGA;0.009;0.3723;0.2291;0.0136;0.0017;
CGC;0.0535;0.2676;0.2112;0.0059;0.0386;
CGG;0.0573;0.4504;0.0187;0.0985;0.0233;
CGT;0.0059;0.0186;0.0948;0.2422;0.074;
CTA;8e-04;0.0107;0.0147;0.0036;0.0694;
CTC;0.4348;0.0204;0.0168;0.0455;1e-04;
CTG;0.0053;0.0257;0.2622;0.103;0.0926;
CTT;0.0183;0.0209;0.0032;0.3798;0.0031;
GAA;0.0049;0.1579;0.0179;0.1064;0.1927;
GAC;0.0034;1e-04;0.0261;0.0218;0.1399;
GAG;0.0939;0.0882;0.0112;0.005;3e-04;
GAT;0.424;0.0455;0.0079;0.0215;0.0018;
GCA;0.4651;0.0266;0.1052;5e-04;0.0152;
GCC;0.0329;0.102;0.2113;0.023;0.0276;
GCG;0.0248;0.1126;0.0306;0.0388;0.1374;
GCT;0.0108;0.2795;0.0287;0.0571;0.0767;
GGA;0.0048;0.0453;0.0021;0.0044;1e-04;
GGC;0.0011;0.0549;0.0428;0.0053;0.0079;
GGG;0.0175;0.0932;0.1096;0.0679;0.005;
GGT;1e-04;0.0387;0.0751;0.0105;0.0015;
GTA;0.1708;0.0364;0.0068;0.0629;0.0554;
GTC;6e-04;8e-04;0.0181;0.0336;0.0248;
GTG;0.5011;0.0434;0.0067;0.1472;0.0104;
GTT;0.5635;0.0903;0.0211;0.0116;0.1347;
TAA;0.0092;0.0492;0.0011;0.1632;0.2908;
TAC;0.3785;0.0011;0.0378;0;0.0403;
TAG;0.041;0.0277;0.0388;0.0806;2e-04;
TAT;0.1981;0.4122;0.005;6e-04;5e-04;
TCA;0.5622;0.0069;0.0447;0.0421;0.0018;
TCC;0.4979;0.007;0.1333;0.0299;0.0058;
TCG;0.0528;0.059;0.4055;0.0566;0.0046;
TCT;0.5067;8e-04;0.0817;0.0268;0.0603;
TGA;0.4209;0.0047;0.1008;0.0072;0.0019;
TGC;0.5094;0.0605;0.0197;0.0763;0.0087;
TGG;0.1975;0.3507;0.0157;0.008;0.0819;
TGT;0.4999;0.0303;0.0021;0.0062;4e-04;
TTA;0.1093;0.0197;0.0043;0.0061;0.1126;
TTC;0.5572;4e-04;0.0112;0.0329;0.0392;
TTG;0.1028;0.089;0.0341;0.092;0.0899;
TTT;0.0364;0.0316;0.0535;0.3752;0.0334;

contrib
   ;Dim.1;Dim.2;Dim.3;Dim.4;Dim.5;
AAA;0.3321;0.9305;1.5981;0.0063;0.5549;
AAC;4.4396;1.3932;1.016;0.9044;3e-04;
AAG;0.5605;5.6262;0.0082;0.5226;2e-04;
AAT;0.0393;0.9269;7.1754;1.9;3.3427;
ACA;5e-04;0.1117;1.533;0.25;1.9117;
ACC;0.2724;1.8059;1.6205;0.845;6.0337;
ACG;1.9321;0.75;1.5533;9.6229;0.8092;
ACT;0.0445;0.4457;3.0775;0.9235;2.4394;
AGA;0.0207;1.6141;1.7581;2.006;7.0857;
AGC;1.1841;1.2347;2.6712;0.1297;0.6968;
AGG;2.6371;4.6224;0.1159;1.0055;1.5964;
AGT;3.0879;1.3811;1.3311;0.1952;2.876;
ATA;0.2422;1.6083;0.274;0.6591;0.6835;
ATC;0.0089;0.071;0.1417;0.3217;0.8199;
ATG;0.0958;0.6005;0.0037;0.2302;4.1802;
ATT;0.02;1.5884;1.1805;1.7198;2.5069;
CAA;1.7903;3.5331;1.1246;1.8261;2.3466;
CAC;3.5367;0.3213;0.8667;0.3422;4.6123;
CAG;0.9545;2.9678;1.7524;0.4074;0.6228;
CAT;3.0735;0.1428;0.837;0.4939;0.351;
CCA;1.6399;5.1747;3.8893;0.7504;1.3607;
CCC;2.3971;0.2921;1.519;2.9837;0.6659;
CCG;0.6205;0.1408;0.0254;9.4269;1.2671;
CCT;1.5027;1.8947;6.571;0.0155;0.0407;
CGA;0.0825;6.3731;5.2211;0.3384;0.0475;
CGC;0.4909;4.5819;4.8119;0.1475;1.077;
CGG;0.5251;7.7113;0.4269;2.4507;0.6493;
CGT;0.0542;0.3188;2.161;6.0242;2.064;
CTA;0.0078;0.1834;0.3343;0.0901;1.936;
CTC;3.9883;0.3496;0.3817;1.1308;0.0015;
CTG;0.0483;0.4406;5.9739;2.5623;2.5842;
CTT;0.1679;0.3573;0.0731;9.4468;0.0861;
GAA;0.0453;2.7029;0.4068;2.6462;5.3775;
GAC;0.0316;0.0023;0.5955;0.5421;3.9025;
GAG;0.8613;1.5093;0.2559;0.1234;0.0072;
GAT;3.8897;0.7795;0.1789;0.5359;0.0492;
GCA;4.2663;0.4557;2.3961;0.0125;0.4236;
GCC;0.3015;1.7456;4.8138;0.572;0.7701;
GCG;0.2274;1.927;0.6982;0.9654;3.8337;
GCT;0.0987;4.7855;0.6544;1.4204;2.1404;
GGA;0.0437;0.7761;0.0478;0.1102;0.0027;
GGC;0.0101;0.9402;0.9746;0.1328;0.2213;
GGG;0.1607;1.5962;2.4964;1.6896;0.1408;
GGT;0.0011;0.6624;1.7101;0.2603;0.042;
GTA;1.5665;0.6238;0.1547;1.5657;1.546;
GTC;0.0056;0.0141;0.412;0.8363;0.6912;
GTG;4.5961;0.7424;0.1517;3.6617;0.289;
GTT;5.1691;1.5458;0.4809;0.2875;3.7594;
TAA;0.0841;0.8417;0.0254;4.0588;8.113;
TAC;3.4722;0.0185;0.8619;2e-04;1.1246;
TAG;0.376;0.4736;0.8832;2.005;0.0061;
TAT;1.8175;7.056;0.1138;0.0146;0.0147;
TCA;5.1573;0.1182;1.0195;1.0477;0.0499;
TCC;4.5672;0.119;3.0376;0.7432;0.1621;
TCG;0.4842;1.0102;9.2403;1.407;0.1292;
TCT;4.6475;0.0141;1.8626;0.6663;1.6824;
TGA;3.8612;0.0801;2.2966;0.1782;0.0535;
TGC;4.6723;1.0358;0.4482;1.8968;0.2422;
TGG;1.8115;6.0041;0.3579;0.1989;2.2862;
TGT;4.5857;0.5182;0.0469;0.1546;0.0125;
TTA;1.0022;0.3368;0.0986;0.1517;3.1412;
TTC;5.1115;0.0072;0.2547;0.8172;1.0945;
TTG;0.943;1.5234;0.778;2.2873;2.5094;
TTT;0.3341;0.5404;1.2196;9.3317;0.9315;

coord
   ;Dim.1;Dim.2;Dim.3;Dim.4;Dim.5;
Pristionchus pacificus;-0.1909;1.4215;-3.8284;1.1448;3.636;
Strongylocentrotus purpuratus;-0.4593;0.6523;0.3289;1.9598;-0.3822;
Brachypodium distachyon;1.1858;5.3139;-0.6493;-1.6108;-1.7556;
Physcomitrella patens;2.7423;5.1773;1.0878;-1.1235;-0.9048;
Sorghum bicolor;1.3758;5.367;-1.9145;-2.2163;-0.996;
Vitis vinifera;0;0;0;0;0;
Zea mays;1.7991;4.274;-0.6333;0.0672;-1.956;
Aspergillus fumigatus;-4.5361;-3.8627;1.0656;-3.0614;5.0387;
Candida glabrata;11.6805;-3.4188;-1.1675;0.3054;0.3854;
Cryptococcus neoformans;-3.8689;-3.2247;0.462;-6.9191;1.7654;
Debaryomyces hansenii;6.8824;-1.3592;2.1794;-4.9353;-0.7851;
Encephalitozoon cuniculi;3.7214;-0.1608;5.2743;1.0607;0.0728;
Eremothecium gossypii;12.035;-5.3968;-3.5475;-2.8004;0.3625;
Kluyveromyces lactis;8.6646;-2.7818;-3.0563;-0.8804;-2.4368;
Magnaporthe oryzae;-5.447;-0.7504;-1.3627;-7.9328;0.6376;
Saccharomyces cerevisiae;9.1887;-2.0424;-0.8092;1.9105;0.6901;
Schizosaccharomyces pombe;4.0653;1.0084;5.4198;3.083;0.6598;
Yarrowia lipolytica;1.248;-3.5149;0.4021;-3.5137;1.683;
Plasmodium falciparum;0;0;0;0;0;
Anopheles gambiae;-1.7455;-0.6303;-1.2585;0.864;0.0239;
Drosophila melanogaster;-1.6919;-0.2774;-1.5062;1.3653;0.8213;
Leishmania major;-0.7716;0.9006;-0.7579;-0.9615;2.1238;
Caenorhabditis brenneri;-3.1933;0.4812;-3.5145;2.1152;2.1849;
Caenorhabditis briggsae;0.5131;1.5314;-4.5931;1.6311;4.3781;
Caenorhabditis elegans;-1.2031;2.4412;-3.507;0.7263;4.9903;
Caenorhabditis japonica;-2.4069;0.1559;-4.2527;1.3716;2.1401;
Caenorhabditis remanei;0.0918;0.421;-2.7708;1.6761;3.6764;
Arabidopsis thaliana;0.457;5.6613;-0.4678;-0.473;-0.2167;
Glycine max;0.3275;4.8616;-1.2756;-1.9246;-3.128;
Medicago truncatula;1.9184;6.1475;1.4353;-1.9438;-0.2466;
Oryza sativa;1.0477;5.2852;-1.6116;-2.0062;-1.852;
Populus trichocarpa;0.2638;3.7274;-1.2502;-1.4647;-1.5818;
Ailuropoda melanoleuca;-1.6729;-1.0812;-2.3503;0.566;-1.422;
Anolis carolinensis;-1.8124;-0.2256;1.2868;-0.6509;-0.5825;
Bos taurus;-0.0762;-0.7672;0.5062;0.8365;-0.7131;
Callithrix jacchus;-1.5237;-0.6099;0.6644;0.4224;-0.3602;
Canis familiaris;-1.5638;-1.5382;-1.3427;1.2159;-0.5132;
Cavia porcellus;-2.5044;-1.2198;1.2083;0.1346;-1.1347;
Cricetulus griseus;0;0;0;0;0;
Danio rerio;1.0222;0.9888;1.4381;1.7718;0.6119;
Equus caballus;-1.3806;-0.9641;0.5794;0.5479;-0.7461;
Felis catus;-4.1635;-4.543;-6.7323;3.2826;-6.449;
Gallus gallus;-2.7336;-1.267;1.1609;-0.4076;-0.027;
Gasterosteus aculeatus;-1.3446;-0.1721;1.3209;0.9243;0.96;
Gorilla gorilla gorilla;-2.3731;-1.2325;0.8575;0.3978;-0.8584;
Heterocephalus glaber;-0.9798;-0.7214;1.7355;-0.4527;0.3131;
Homo sapiens;1.4003;-0.4;0.0714;2.5;-1.8362;
Loxodonta africana;3.0305;-0.2751;2.7613;2.5026;2.4977;
Macaca mulatta;-2.2058;-0.6057;1.3368;0.0388;-0.6629;
Meleagris gallopavo;-2.0383;-0.7939;0.9238;-0.1717;0.1587;
Microcebus murinus;-2.1515;-1.225;1.0659;-0.7387;-0.2674;
Monodelphis domestica;-1.6026;-0.3023;1.0773;0.673;0.1932;
Mus musculus;-1.5154;-0.3505;1.1631;0.2921;-1.1531;
Nomascus leucogenys;-1.8895;-0.9865;1.5436;1.2657;0.3886;
Ornithorhynchus anatinus;0.3582;-0.5915;2.0453;0.1571;1.6135;
Oryctolagus cuniculus;-2.0123;-1.7218;1.9695;1.2939;-0.8092;
Oryzias latipes;0.6481;0.687;2.5728;0.2404;0.9487;
Ovis aries;0.7711;0.4883;1.9629;0.5872;0.2849;
Pan troglodytes;-1.919;-1.0226;1.5364;0.8752;-0.5271;
Papio hamadryas;0;0;0;0;0;
Petromyzon marinus;-0.5703;0.6206;0.0665;2.3119;-0.7505;
Pongo pygmaeus abelii;-1.9098;-1.1607;0.7948;1.1313;-1.0113;
Rattus norvegicus;-2.2946;-0.9426;0.9086;-0.0088;-0.9345;
Sus scrofa;-0.6813;-0.6547;0.8604;0.0996;0.1341;
Taeniopygia guttata;-1.9957;-0.9908;0.4239;-0.4572;-0.8635;
Takifugu rubripes;-0.9405;-0.0525;0.8109;1.9876;-0.3973;
Tarsier syrichta;-3.2055;-3.6707;-0.5123;-1.4986;-5.4114;
Tetraodon nigroviridis;-1.7297;-0.5787;1.4422;1.2941;0.016;
Xenopus tropicalis;-0.1338;0.4741;0.9216;1.5222;0.2818;

cos2
   ;Dim.1;Dim.2;Dim.3;Dim.4;Dim.5;
Pristionchus pacificus;4e-04;0.0227;0.1647;0.0147;0.1486;
Strongylocentrotus purpuratus;0.0083;0.0166;0.0042;0.1503;0.0057;
Brachypodium distachyon;0.0278;0.5586;0.0083;0.0513;0.061;
Physcomitrella patens;0.0793;0.2828;0.0125;0.0133;0.0086;
Sorghum bicolor;0.0271;0.4131;0.0526;0.0704;0.0142;
Vitis vinifera;0.0533;0.6575;0.2195;0.0126;0.1008;
Zea mays;0.0633;0.3569;0.0078;1e-04;0.0748;
Aspergillus fumigatus;0.1326;0.0961;0.0073;0.0604;0.1636;
Candida glabrata;0.7958;0.0682;0.008;5e-04;9e-04;
Cryptococcus neoformans;0.1095;0.0761;0.0016;0.3503;0.0228;
Debaryomyces hansenii;0.3322;0.013;0.0333;0.1708;0.0043;
Encephalitozoon cuniculi;0.1367;3e-04;0.2747;0.0111;1e-04;
Eremothecium gossypii;0.6137;0.1234;0.0533;0.0332;6e-04;
Kluyveromyces lactis;0.4632;0.0477;0.0576;0.0048;0.0366;
Magnaporthe oryzae;0.1651;0.0031;0.0103;0.3502;0.0023;
Saccharomyces cerevisiae;0.6614;0.0327;0.0051;0.0286;0.0037;
Schizosaccharomyces pombe;0.1277;0.0079;0.2269;0.0734;0.0034;
Yarrowia lipolytica;0.0164;0.1301;0.0017;0.13;0.0298;
Plasmodium falciparum;0.0499;0.097;0.0148;0.0013;0.0177;
Anopheles gambiae;0.0625;0.0082;0.0325;0.0153;0;
Drosophila melanogaster;0.0787;0.0021;0.0624;0.0512;0.0185;
Leishmania major;0.0098;0.0133;0.0094;0.0152;0.0741;
Caenorhabditis brenneri;0.1298;0.0029;0.1572;0.0569;0.0607;
Caenorhabditis briggsae;0.0034;0.03;0.2702;0.0341;0.2455;
Caenorhabditis elegans;0.0175;0.0721;0.1488;0.0064;0.3014;
Caenorhabditis japonica;0.1333;6e-04;0.4161;0.0433;0.1054;
Caenorhabditis remanei;1e-04;0.0029;0.1236;0.0452;0.2176;
Arabidopsis thaliana;0.0027;0.4146;0.0028;0.0029;6e-04;
Glycine max;0.0017;0.3786;0.0261;0.0593;0.1567;
Medicago truncatula;0.0401;0.412;0.0225;0.0412;7e-04;
Oryza sativa;0.0108;0.2751;0.0256;0.0396;0.0338;
Populus trichocarpa;0.0011;0.2097;0.0236;0.0324;0.0378;
Ailuropoda melanoleuca;0.067;0.028;0.1322;0.0077;0.0484;
Anolis carolinensis;0.2308;0.0036;0.1164;0.0298;0.0238;
Bos taurus;3e-04;0.0256;0.0111;0.0304;0.0221;
Callithrix jacchus;0.1542;0.0247;0.0293;0.0119;0.0086;
Canis familiaris;0.0774;0.0749;0.057;0.0468;0.0083;
Cavia porcellus;0.0939;0.0223;0.0219;3e-04;0.0193;
Cricetulus griseus;0.0499;0.097;0.0148;0.0013;0.0178;
Danio rerio;0.0222;0.0208;0.044;0.0668;0.008;
Equus caballus;0.0839;0.0409;0.0148;0.0132;0.0245;
Felis catus;0.0907;0.108;0.2372;0.0564;0.2177;
Gallus gallus;0.2912;0.0625;0.0525;0.0065;0;
Gasterosteus aculeatus;0.0779;0.0013;0.0752;0.0368;0.0397;
Gorilla gorilla gorilla;0.3249;0.0877;0.0424;0.0091;0.0425;
Heterocephalus glaber;0.0293;0.0159;0.0918;0.0062;0.003;
Homo sapiens;0.0273;0.0022;1e-04;0.0871;0.047;
Loxodonta africana;0.1376;0.0011;0.1142;0.0938;0.0935;
Macaca mulatta;0.3332;0.0251;0.1224;1e-04;0.0301;
Meleagris gallopavo;0.2581;0.0392;0.053;0.0018;0.0016;
Microcebus murinus;0.2263;0.0733;0.0555;0.0267;0.0035;
Monodelphis domestica;0.1819;0.0065;0.0822;0.0321;0.0026;
Mus musculus;0.0629;0.0034;0.037;0.0023;0.0364;
Nomascus leucogenys;0.1406;0.0383;0.0939;0.0631;0.006;
Ornithorhynchus anatinus;0.004;0.0109;0.13;8e-04;0.0809;
Oryctolagus cuniculus;0.0733;0.0537;0.0702;0.0303;0.0119;
Oryzias latipes;0.01;0.0112;0.1573;0.0014;0.0214;
Ovis aries;0.0143;0.0058;0.0929;0.0083;0.002;
Pan troglodytes;0.1001;0.0284;0.0642;0.0208;0.0076;
Papio hamadryas;0.0499;0.097;0.0148;0.0013;0.0178;
Petromyzon marinus;0.0061;0.0072;1e-04;0.1006;0.0106;
Pongo pygmaeus abelii;0.2078;0.0768;0.036;0.0729;0.0583;
Rattus norvegicus;0.0861;0.0145;0.0135;0;0.0143;
Sus scrofa;0.0193;0.0179;0.0308;4e-04;7e-04;
Taeniopygia guttata;0.1424;0.0351;0.0064;0.0075;0.0267;
Takifugu rubripes;0.0176;1e-04;0.0131;0.0784;0.0031;
Tarsier syrichta;0.0602;0.0789;0.0015;0.0132;0.1715;
Tetraodon nigroviridis;0.1276;0.0143;0.0887;0.0715;0;
Xenopus tropicalis;3e-04;0.0042;0.0157;0.0428;0.0015;

contrib
   ;Dim.1;Dim.2;Dim.3;Dim.4;Dim.5;
Pristionchus pacificus;0.0048;0.5014;4.8399;0.4725;5.3463;
Strongylocentrotus purpuratus;0.028;0.1056;0.0357;1.3846;0.0591;
Brachypodium distachyon;0.1869;7.006;0.1392;0.9354;1.2464;
Physcomitrella patens;0.9997;6.6503;0.3908;0.455;0.3311;
Sorghum bicolor;0.2516;7.1465;1.2104;1.7707;0.4011;
Vitis vinifera;0;0;0;0;0;
Zea mays;0.4303;4.5322;0.1324;0.0016;1.5472;
Aspergillus fumigatus;2.7353;3.7018;0.375;3.3786;10.2671;
Candida glabrata;18.1374;2.9;0.4501;0.0336;0.0601;
Cryptococcus neoformans;1.9899;2.5799;0.0705;17.2575;1.2604;
Debaryomyces hansenii;6.2971;0.4583;1.5684;8.7805;0.2492;
Encephalitozoon cuniculi;1.841;0.0064;9.1861;0.4055;0.0021;
Eremothecium gossypii;19.2551;7.2262;4.1558;2.8271;0.0532;
Kluyveromyces lactis;9.9805;1.9199;3.0846;0.2794;2.4013;
Magnaporthe oryzae;3.9443;0.1397;0.6132;22.6852;0.1644;
Saccharomyces cerevisiae;11.2243;1.0349;0.2162;1.3158;0.1926;
Schizosaccharomyces pombe;2.197;0.2523;9.6999;3.4264;0.1761;
Yarrowia lipolytica;0.2071;3.0653;0.0534;4.4505;1.1455;
Plasmodium falciparum;0;0;0;0;0;
Anopheles gambiae;0.405;0.0986;0.523;0.2691;2e-04;
Drosophila melanogaster;0.3805;0.0191;0.7491;0.6719;0.2728;
Leishmania major;0.0792;0.2012;0.1897;0.3332;1.8239;
Caenorhabditis brenneri;1.3556;0.0574;4.0788;1.6129;1.9306;
Caenorhabditis briggsae;0.035;0.5818;6.9666;0.959;7.7512;
Caenorhabditis elegans;0.1924;1.4786;4.0614;0.1902;10.0705;
Caenorhabditis japonica;0.7701;0.006;5.9722;0.6782;1.8522;
Caenorhabditis remanei;0.0011;0.044;2.5351;1.0127;5.4657;
Arabidopsis thaliana;0.0278;7.952;0.0723;0.0806;0.019;
Glycine max;0.0143;5.8641;0.5373;1.3353;3.9567;
Medicago truncatula;0.4893;9.3765;0.6803;1.362;0.0246;
Oryza sativa;0.1459;6.9305;0.8576;1.4509;1.387;
Populus trichocarpa;0.0093;3.4471;0.5162;0.7734;1.0119;
Ailuropoda melanoleuca;0.372;0.29;1.8241;0.1155;0.8177;
Anolis carolinensis;0.4367;0.0126;0.5468;0.1527;0.1372;
Bos taurus;8e-04;0.146;0.0846;0.2522;0.2057;
Callithrix jacchus;0.3087;0.0923;0.1458;0.0643;0.0525;
Canis familiaris;0.3251;0.587;0.5953;0.5329;0.1065;
Cavia porcellus;0.8338;0.3692;0.4821;0.0065;0.5207;
Cricetulus griseus;0;0;0;0;0;
Danio rerio;0.1389;0.2426;0.683;1.1317;0.1514;
Equus caballus;0.2534;0.2306;0.1108;0.1082;0.2251;
Felis catus;2.3045;5.1206;14.9667;3.8843;16.8187;
Gallus gallus;0.9934;0.3983;0.445;0.0599;3e-04;
Gasterosteus aculeatus;0.2403;0.0073;0.5762;0.308;0.3727;
Gorilla gorilla gorilla;0.7486;0.3769;0.2428;0.057;0.298;
Heterocephalus glaber;0.1276;0.1291;0.9946;0.0739;0.0396;
Homo sapiens;0.2607;0.0397;0.0017;2.253;1.3634;
Loxodonta africana;1.2209;0.0188;2.5178;2.2578;2.5227;
Macaca mulatta;0.6468;0.091;0.5901;5e-04;0.1777;
Meleagris gallopavo;0.5523;0.1564;0.2818;0.0106;0.0102;
Microcebus murinus;0.6154;0.3723;0.3752;0.1967;0.0289;
Monodelphis domestica;0.3414;0.0227;0.3832;0.1633;0.0151;
Mus musculus;0.3053;0.0305;0.4467;0.0308;0.5377;
Nomascus leucogenys;0.4746;0.2415;0.7868;0.5775;0.0611;
Ornithorhynchus anatinus;0.0171;0.0868;1.3814;0.0089;1.0528;
Oryctolagus cuniculus;0.5383;0.7356;1.2809;0.6035;0.2648;
Oryzias latipes;0.0558;0.1171;2.1859;0.0208;0.364;
Ovis aries;0.079;0.0592;1.2723;0.1243;0.0328;
Pan troglodytes;0.4895;0.2595;0.7795;0.2761;0.1124;
Papio hamadryas;0;0;0;0;0;
Petromyzon marinus;0.0432;0.0956;0.0015;1.9267;0.2278;
Pongo pygmaeus abelii;0.4849;0.3343;0.2086;0.4614;0.4136;
Rattus norvegicus;0.6999;0.2204;0.2726;0;0.3531;
Sus scrofa;0.0617;0.1063;0.2445;0.0036;0.0073;
Taeniopygia guttata;0.5295;0.2436;0.0593;0.0754;0.3016;
Takifugu rubripes;0.1176;7e-04;0.2171;1.4242;0.0638;
Tarsier syrichta;1.366;3.3429;0.0867;0.8095;11.8417;
Tetraodon nigroviridis;0.3978;0.0831;0.6869;0.6037;1e-04;
Xenopus tropicalis;0.0024;0.0558;0.2805;0.8353;0.0321;

dist
9.43267;5.055676;7.109965;9.736079;8.350497;4.123334e-15;7.153717;12.45829;13.09348;11.69063;11.94182;10.06371;15.36323;12.73156;13.40474;11.29869;11.37671;9.745388;4.123334e-15;6.979735;6.031295;7.800049;8.865158;8.835528;9.090082;6.592724;7.880759;8.791989;7.900627;9.577025;10.07612;8.139316;6.46383;3.772294;4.796829;3.879891;5.62226;8.172035;4.123334e-15;6.853892;4.767714;13.82237;5.065977;4.817264;4.163093;5.726612;8.472227;8.170382;3.821557;4.011973;4.523175;3.757536;6.043711;5.03823;5.672768;7.433139;6.486495;6.439234;6.065272;4.123334e-15;7.289451;4.189234;7.818233;4.898601;5.28839;7.09665;13.06624;4.841404;7.356943;
coord
   ;Dim.1;Dim.2;Dim.3;Dim.4;Dim.5;
Animalia;-1.1649;-0.4322;0.0089;0.774;0.0971;
Chromalveolata;0;0;0;0;0;
Fungi;3.9667;-2.3185;0.4418;-2.1531;0.734;
Plantae;1.1117;4.5815;-0.5279;-1.2696;-1.2638;

cos2
   ;Dim.1;Dim.2;Dim.3;Dim.4;Dim.5;
Animalia;0.5876;0.0809;0;0.2594;0.0041;
Chromalveolata;0.0302;0.0573;0.0054;0.0401;0.0039;
Fungi;0.5553;0.1897;0.0069;0.1636;0.019;
Plantae;0.0461;0.7834;0.0104;0.0602;0.0596;

v.test
   ;Dim.1;Dim.2;Dim.3;Dim.4;Dim.5;
Animalia;-4.2525;-2.1551;0.0513;4.6528;0.6183;
Chromalveolata;0;0;0;0;0;
Fungi;4.3144;-3.4451;0.7574;-3.8562;1.3923;
Plantae;1.1431;6.4355;-0.8555;-2.1496;-2.2663;

dist
1.519747;4.139305e-15;5.323003;5.176204;
eta2
   ;Dim 1;Dim 2;Dim 3;Dim 4;Dim 5;
Kingdom;0.3313;0.6893;0.0163;0.3434;0.0903;

Dim.1
quanti
   ;correlation;p.value;
GTT;0.7507;0;
TCA;0.7498;0;
TTC;0.7465;0;
TGC;0.7137;0;
TCT;0.7118;0;
GTG;0.7079;0;
TGT;0.7071;0;
TCC;0.7056;0;
AAC;0.6957;0;
GCA;0.682;0;
CTC;0.6594;0;
GAT;0.6512;0;
TGA;0.6488;0;
CAC;0.6209;0;
TAC;0.6152;0;
AGT;0.5802;0;
CAT;0.5788;0;
AGG;0.5362;0;
CCC;0.5112;0;
CAA;0.4418;1e-04;
GTA;0.4133;4e-04;
CCT;0.4047;6e-04;
AGC;0.3593;0.0024;
TTA;0.3305;0.0055;
TTG;0.3206;0.0072;
CCG;0.2601;0.0309;
AAG;0.2472;0.0406;
CGG;0.2393;0.0477;
GAG;-0.3064;0.0104;
CAG;-0.3226;0.0069;
CCA;-0.4228;3e-04;
TGG;-0.4444;1e-04;
TAT;-0.4451;1e-04;
ACG;-0.4589;1e-04;

quali
   ;R2;p.value;
Kingdom;0.3313;0;

category
   ;Estimate;p.value;
Fungi;2.9883;0.003;
Animalia;-2.1433;0.0109;

Dim.2
quanti
   ;correlation;p.value;
CGG;0.6711;0;
TAT;0.642;0;
CGA;0.6101;0;
TGG;0.5922;0;
AAG;0.5733;0;
CCA;0.5498;0;
GCT;0.5287;0;
AGG;0.5196;0;
CAA;0.4543;1e-04;
CAG;0.4164;4e-04;
GAA;0.3973;7e-04;
GCG;0.3355;0.0048;
CCT;0.3327;0.0052;
ACC;0.3248;0.0065;
ATA;0.3065;0.0104;
GGG;0.3054;0.0107;
ATT;0.3046;0.0109;
GTT;0.3005;0.0121;
TTG;0.2983;0.0128;
GAG;0.2969;0.0132;
AAC;0.2853;0.0175;
TCG;0.2429;0.0443;
TGC;-0.246;0.0416;
AGC;-0.2686;0.0257;
AGT;-0.284;0.018;
AGA;-0.3071;0.0103;
GCC;-0.3193;0.0075;
CGC;-0.5173;0;

quali
   ;R2;p.value;
Kingdom;0.6893;0;

category
   ;Estimate;p.value;
Plantae;4.1238;0;
Animalia;-0.8899;0.0328;
Fungi;-2.7763;0;

Dim.3
quanti
   ;correlation;p.value;
TCG;0.6368;0;
AAT;0.5612;0;
CTG;0.512;0;
GCC;0.4596;1e-04;
CGC;0.4595;1e-04;
CCA;0.4132;4e-04;
ACT;0.3675;0.0019;
TCC;0.3651;0.002;
AGC;0.3424;0.004;
GGG;0.331;0.0055;
GCA;0.3243;0.0066;
CAG;0.2773;0.0211;
ACC;0.2667;0.0268;
AAA;0.2648;0.0279;
ACG;0.2611;0.0302;
ACA;0.2594;0.0314;
CCC;0.2582;0.0322;
AGT;-0.2417;0.0454;
GGT;-0.274;0.0227;
AGA;-0.2778;0.0208;
TCT;-0.2859;0.0172;
CGT;-0.308;0.01;
TGA;-0.3175;0.0079;
CGA;-0.4787;0;
CCT;-0.537;0;

Dim.4
quanti
   ;correlation;p.value;
ACG;0.622;0;
CTT;0.6163;0;
TTT;0.6125;0;
CGT;0.4921;0;
TAA;0.404;6e-04;
CCC;0.3463;0.0036;
GAA;0.3262;0.0062;
CTG;0.321;0.0072;
CGG;0.3139;0.0086;
TTG;0.3032;0.0113;
AGA;0.284;0.018;
AAT;0.2764;0.0215;
TGC;0.2761;0.0216;
GTA;0.2509;0.0376;
GCT;0.239;0.048;
TCG;0.2378;0.0491;
GGG;-0.2606;0.0305;
ATT;-0.2629;0.029;
CAA;-0.271;0.0243;
TAG;-0.2839;0.0181;
GTG;-0.3837;0.0011;
CCG;-0.6156;0;

quali
   ;R2;p.value;
Kingdom;0.3434;0;

category
   ;Estimate;p.value;
Animalia;1.4362;0.0048;
Fungi;-1.4909;0.0129;

Dim.5
quanti
   ;correlation;p.value;
AGA;0.5039;0;
ACC;0.465;1e-04;
ATG;0.3871;0.001;
GCG;0.3707;0.0017;
TTA;0.3355;0.0048;
AGT;0.321;0.0072;
CTG;0.3043;0.011;
TTG;0.2999;0.0123;
ACT;0.2957;0.0136;
TGG;0.2862;0.0171;
GCT;0.277;0.0212;
CGT;0.272;0.0238;
CTA;0.2634;0.0288;
ACA;0.2617;0.0298;
TCT;0.2456;0.042;
AGG;-0.2392;0.0478;
CAA;-0.29;0.0156;
ATT;-0.2997;0.0123;
AAT;-0.3461;0.0036;
GTT;-0.3671;0.0019;
GAC;-0.374;0.0015;
CAC;-0.4066;5e-04;
GAA;-0.439;2e-04;
TAA;-0.5392;0;

